gid	claimed_organism	top_match_lineage	containment	category	category_rationale	needs_action	top_match_genus	top_match_species	query_name_from_fasta	rename_source
9	AUDIT CORRECTION: re-process for gid=9 (was T. thermophilus HB8 from start). Cluster gapseq via SLURM array 227930. biomass=Gram_neg [AUDIT CORRECTION 2026-05-05: re-downloaded + re-processed; previously gid=9 had wrong-genome data loaded from project start. Pre-correction state preserved in data/cultureforge.db.pre_audit_correction_20260504]	d__Bacteria;p__Deinococcota;c__Deinococci;o__Deinococcales;f__Thermaceae;g__Thermus;s__Thermus aquaticus	1.0	CLEAN_SELF_MATCH	Claimed genus 'Thermus' matches top-hit genus exactly; containment 1.000.	N	Thermus	Thermus aquaticus	NZ_LHCI01000001.1 Thermus aquaticus strain YT-1 jcf7180000008080, whole genome shotgun sequence	
8	Validation organism: Methanococcus_jannaschii	d__Archaea;p__Methanobacteriota;c__Methanococci;o__Methanococcales;f__Methanocaldococcaceae;g__Methanocaldococcus;s__Methanocaldococcus jannaschii	1.0	KNOWN_TAXONOMIC_RENAME	Formal genus reclassification: 'Methanococcus' -> 'Methanocaldococcus' (Whitman et al. 2002). Not curator-flagged in notes; documentation update suggested.	N	Methanocaldococcus	Methanocaldococcus jannaschii	NC_000909.1 Methanocaldococcus jannaschii DSM 2661, complete sequence	curator-flagged
7	Desulfovibrio (Nitratidesulfovibrio) vulgaris Hildenborough. Strict anaerobe, sulfate reducer. DSM 644.	d__Bacteria;p__Desulfobacterota_I;c__Desulfovibrionia;o__Desulfovibrionales;f__Desulfovibrionaceae;g__Nitratidesulfovibrio;s__Nitratidesulfovibrio vulgaris	1.0	CLEAN_SELF_MATCH	Claimed genus 'Nitratidesulfovibrio' matches top-hit genus exactly; containment 1.000.	N	Nitratidesulfovibrio	Nitratidesulfovibrio vulgaris	NC_002937.3 Nitratidesulfovibrio vulgaris str. Hildenborough, complete sequence	
10	Validation organism: Lactobacillus_plantarum [TAXONOMIC RENAME: Lactobacillus plantarum → Lactiplantibacillus plantarum (Zheng et al. 2020 IJSEM); genome unchanged; annotation added by Phase 5.0 audit 2026-05-04]	d__Bacteria;p__Bacillota;c__Bacilli;o__Lactobacillales;f__Lactobacillaceae;g__Lactiplantibacillus;s__Lactiplantibacillus plantarum	0.7857590966122961	KNOWN_TAXONOMIC_RENAME	Formal genus reclassification: 'Lactobacillus' -> 'Lactiplantibacillus' (Zheng et al. 2020). Curator-flagged in notes.	N	Lactiplantibacillus	Lactiplantibacillus plantarum	NC_004567.2 Lactiplantibacillus plantarum WCFS1, complete sequence	curator-flagged
11	Validation organism: Acidithiobacillus_ferrooxidans	d__Bacteria;p__Pseudomonadota;c__Gammaproteobacteria;o__Acidithiobacillales;f__Acidithiobacillaceae;g__Acidithiobacillus;s__Acidithiobacillus ferrooxidans	1.0	CLEAN_SELF_MATCH	Claimed genus 'Acidithiobacillus' matches top-hit genus exactly; containment 1.000.	N	Acidithiobacillus	Acidithiobacillus ferrooxidans	NC_011761.1 Acidithiobacillus ferrooxidans ATCC 23270, complete sequence	
12	Validation organism: Clostridium_acetobutylicum	d__Bacteria;p__Bacillota;c__Clostridia;o__Clostridiales;f__Clostridiaceae;g__Clostridium_S;s__Clostridium_S acetobutylicum	1.0	GTDB_SUFFIX_SPLIT	GTDB has split the polyphyletic genus 'Clostridium' into sub-genera using letter suffixes; this genome falls into 'Clostridium_S'. Species name aligns.	N	Clostridium_S	Clostridium_S acetobutylicum	NC_003030.1 Clostridium acetobutylicum ATCC 824, complete sequence	
14	Validation organism: Sulfolobus_acidocaldarius	d__Archaea;p__Thermoproteota;c__Thermoprotei_A;o__Sulfolobales;f__Sulfolobaceae;g__Sulfolobus;s__Sulfolobus acidocaldarius	1.0	CLEAN_SELF_MATCH	Claimed genus 'Sulfolobus' matches top-hit genus exactly; containment 1.000.	N	Sulfolobus	Sulfolobus acidocaldarius	NC_007181.1 Sulfolobus acidocaldarius DSM 639, complete sequence	
15	Validation organism: Campylobacter_jejuni	d__Bacteria;p__Campylobacterota;c__Campylobacteria;o__Campylobacterales;f__Campylobacteraceae;g__Campylobacter_D;s__Campylobacter_D jejuni	0.5872727272727273	GTDB_SUFFIX_SPLIT	GTDB has split the polyphyletic genus 'Campylobacter' into sub-genera using letter suffixes; this genome falls into 'Campylobacter_D'. Species name aligns.	N	Campylobacter_D	Campylobacter_D jejuni	NC_002163.1 Campylobacter jejuni subsp. jejuni NCTC 11168 = ATCC 700819 chromosome, complete genome	
13	"Validation organism: Geobacter_sulfurreducens [METADATA CLEANUP: NCBI returns G. sulfurreducens PCA (the type strain). The ""subsp. ethanolicus"" designation in original notes was annotation drift; PCA is correct organism. Annotation by Phase 5.0 audit 2026-05-04]"	d__Bacteria;p__Desulfobacterota;c__Desulfuromonadia;o__Geobacterales;f__Geobacteraceae;g__Geobacter;s__Geobacter sulfurreducens	1.0	CLEAN_SELF_MATCH	Claimed genus 'Geobacter' matches top-hit genus exactly; containment 1.000.	N	Geobacter	Geobacter sulfurreducens	NC_002939.5 Geobacter sulfurreducens PCA, complete sequence	
17	AUDIT CORRECTION: re-process for gid=17 (was Sulfurovum NBC37-1 from start). Cluster gapseq via SLURM array 227930. biomass=Gram_neg [AUDIT CORRECTION 2026-05-05: re-downloaded + re-processed; previously gid=17 had wrong-genome data loaded from project start. Pre-correction state preserved in data/cultureforge.db.pre_audit_correction_20260504]	d__Bacteria;p__Campylobacterota;c__Campylobacteria;o__Campylobacterales;f__Sulfurimonadaceae;g__Sulfurimonas;s__Sulfurimonas denitrificans	1.0	CLEAN_SELF_MATCH	Claimed genus 'Sulfurimonas' matches top-hit genus exactly; containment 1.000.	N	Sulfurimonas	Sulfurimonas denitrificans	NC_007575.1 Sulfurimonas denitrificans DSM 1251, complete sequence	
16	Validation organism: Magnetospirillum_magneticum [TAXONOMIC RENAME: Magnetospirillum magneticum AMB-1 → Paramagnetospirillum magneticum AMB-1 (Lefèvre et al. 2020); genome unchanged; annotation added by Phase 5.0 audit 2026-05-04]	d__Bacteria;p__Pseudomonadota;c__Alphaproteobacteria;o__Rhodospirillales;f__Magnetospirillaceae;g__Paramagnetospirillum;s__Paramagnetospirillum magneticum	1.0	KNOWN_TAXONOMIC_RENAME	Formal genus reclassification: 'Magnetospirillum' -> 'Paramagnetospirillum' (Lin et al. 2020). Curator-flagged in notes.	N	Paramagnetospirillum	Paramagnetospirillum magneticum	NC_007626.1 Paramagnetospirillum magneticum AMB-1, complete sequence	curator-flagged
18	Blind validation: Nitrosomonas_europaea	d__Bacteria;p__Pseudomonadota;c__Gammaproteobacteria;o__Burkholderiales;f__Nitrosomonadaceae;g__Nitrosomonas;s__Nitrosomonas europaea	0.9967177242888403	CLEAN_SELF_MATCH	Claimed genus 'Nitrosomonas' matches top-hit genus exactly; containment 0.997.	N	Nitrosomonas	Nitrosomonas europaea	NC_004757.1 Nitrosomonas europaea ATCC 19718, complete sequence	
19	Blind validation: Rhodopseudomonas_palustris	d__Bacteria;p__Pseudomonadota;c__Alphaproteobacteria;o__Rhizobiales;f__Xanthobacteraceae;g__Rhodopseudomonas;s__Rhodopseudomonas palustris_F	0.5336173365438044	CLEAN_SELF_MATCH	Claimed genus 'Rhodopseudomonas' matches top-hit genus exactly; containment 0.534.	N	Rhodopseudomonas	Rhodopseudomonas palustris_F	NC_005296.1 Rhodopseudomonas palustris CGA009, complete sequence	
20	Blind validation: Halobacterium_salinarum	d__Archaea;p__Halobacteriota;c__Halobacteria;o__Halobacteriales;f__Halobacteriaceae;g__Halobacterium;s__Halobacterium salinarum	0.8458478368970661	CLEAN_SELF_MATCH	Claimed genus 'Halobacterium' matches top-hit genus exactly; containment 0.846.	N	Halobacterium	Halobacterium salinarum	NC_002607.1 Halobacterium salinarum NRC-1, complete sequence	
21	Blind validation: Syntrophomonas_wolfei	d__Bacteria;p__Bacillota;c__Syntrophomonadia;o__Syntrophomonadales;f__Syntrophomonadaceae;g__Syntrophomonas;s__Syntrophomonas wolfei	1.0	CLEAN_SELF_MATCH	Claimed genus 'Syntrophomonas' matches top-hit genus exactly; containment 1.000.	N	Syntrophomonas	Syntrophomonas wolfei	NC_008346.1 Syntrophomonas wolfei subsp. wolfei str. Goettingen G311, complete sequence	
22	Blind validation: Acetobacterium_woodii	d__Bacteria;p__Bacillota;c__Clostridia;o__Eubacteriales;f__Eubacteriaceae;g__Acetobacterium;s__Acetobacterium woodii	1.0	CLEAN_SELF_MATCH	Claimed genus 'Acetobacterium' matches top-hit genus exactly; containment 1.000.	N	Acetobacterium	Acetobacterium woodii	NC_016894.1 Acetobacterium woodii DSM 1030, complete sequence	
23	Blind v2: Nitrospira_moscoviensis	d__Bacteria;p__Nitrospirota;c__Nitrospiria;o__Nitrospirales;f__Nitrospiraceae;g__Nitrospira_D;s__Nitrospira_D moscoviensis	1.0	GTDB_SUFFIX_SPLIT	GTDB has split the polyphyletic genus 'Nitrospira' into sub-genera using letter suffixes; this genome falls into 'Nitrospira_D'. Species name aligns.	N	Nitrospira_D	Nitrospira_D moscoviensis	NZ_CP011801.1 Nitrospira moscoviensis strain NSP M-1 chromosome, complete genome	
24	Blind v2: Chloroflexus_aurantiacus	d__Bacteria;p__Chloroflexota;c__Chloroflexia;o__Chloroflexales;f__Chloroflexaceae;g__Chloroflexus;s__Chloroflexus aurantiacus	1.0	CLEAN_SELF_MATCH	Claimed genus 'Chloroflexus' matches top-hit genus exactly; containment 1.000.	N	Chloroflexus	Chloroflexus aurantiacus	NC_010175.1 Chloroflexus aurantiacus J-10-fl, complete sequence	
25	Blind v2: Dehalococcoides_mccartyi	d__Bacteria;p__Chloroflexota;c__Dehalococcoidia;o__Dehalococcoidales;f__Dehalococcoidaceae;g__Dehalococcoides;s__Dehalococcoides mccartyi	1.0	CLEAN_SELF_MATCH	Claimed genus 'Dehalococcoides' matches top-hit genus exactly; containment 1.000.	N	Dehalococcoides	Dehalococcoides mccartyi	NC_002936.3 Dehalococcoides mccartyi 195, complete sequence	
26	AUDIT CORRECTION: re-process for gid=26 (was Brevibacillus brevis NBRC 100599 from start). Cluster gapseq via SLURM array 227930. biomass=Archaea [AUDIT CORRECTION 2026-05-05: re-downloaded + re-processed; previously gid=26 had wrong-genome data loaded from project start. Pre-correction state preserved in data/cultureforge.db.pre_audit_correction_20260504]	d__Archaea;p__Thermoplasmatota;c__Thermoplasmata;o__Thermoplasmatales;f__Thermoplasmataceae;g__Picrophilus;s__Picrophilus oshimae	0.7432778489116517	CLEAN_SELF_MATCH	Claimed genus 'Picrophilus' matches top-hit genus exactly; containment 0.743.	N	Picrophilus	Picrophilus oshimae	NC_005877.1 Picrophilus oshimae DSM 9789, complete sequence	
27	Blind v2: Thermotoga_maritima	d__Bacteria;p__Thermotogota;c__Thermotogae;o__Thermotogales;f__Thermotogaceae;g__Thermotoga;s__Thermotoga maritima	1.0	CLEAN_SELF_MATCH	Claimed genus 'Thermotoga' matches top-hit genus exactly; containment 1.000.	N	Thermotoga	Thermotoga maritima	NC_000853.1 Thermotoga maritima MSB8, complete sequence	
29	"Blind v2: Candidatus_Prometheoarchaeum_syntrophicum [AUDIT CORRECTION 2026-05-04: accession + file_path were pointing to a Methanoperedens file (GCA_900196725.1); corrected to GCA_008000775.1 (CP042905 = Promethearchaeum syntrophicum MK-D1) which matches loaded data. NCBI spells the genus ""Promethearchaeum""; original publication used ""Prometheoarchaeum""; both refer to Imachi et al. 2020 isolate.]"	d__Archaea;p__Asgardarchaeota;c__Lokiarchaeia;o__Sigynarchaeales;f__MK-D1;g__Prometheoarchaeum;s__Prometheoarchaeum syntrophicum	0.9653218495013599	CLEAN_SELF_MATCH	Claimed genus 'Prometheoarchaeum' matches top-hit genus exactly (claim used 'Candidatus' prefix; GTDB has assigned the formal genus name); containment 0.965.	N	Prometheoarchaeum	Prometheoarchaeum syntrophicum	CP042905.1 Candidatus Prometheoarchaeum syntrophicum strain MK-D1 chromosome, complete genome	
28	Blind v2: Candidatus_Methanoperedens_nitroreducens [AUDIT CORRECTION 2026-05-04: accession + file_path were pointing to a Salmonella file (GCA_000315995.1); corrected to GCA_900196725.1 (FZMP01 contigs = MNV_PRJEB20370_wgs = the actual loaded Methanoperedens data). Loaded marker BLAST + gapseq data is genuinely Methanoperedens; no re-validation needed. Phase 3.6 ANME findings stand.]	d__Archaea;p__Halobacteriota;c__Methanosarcinia;o__Methanosarcinales;f__Methanoperedenaceae;g__Methanoperedens;s__Methanoperedens nitroreducens_A	1.0	CLEAN_SELF_MATCH	Claimed genus 'Methanoperedens' matches top-hit genus exactly (claim used 'Candidatus' prefix; GTDB has assigned the formal genus name); containment 1.000.	N	Methanoperedens	Methanoperedens nitroreducens_A	FZMP01000250.1 Candidatus Methanoperedens nitroreducens isolate Mnv1 genome assembly, contig: MNV_Contig_99, whole genome shotgun sequence	
30	AUDIT CORRECTION: re-process for gid=30. Original Scalindua profunda was unavailable; substituting Scalindua japonica husup-a2 MAG. Originally gid=30 had Salmonella enterica data from start. Cluster gapseq via SLURM array 227930. biomass=Gram_neg [AUDIT CORRECTION 2026-05-05: re-downloaded + re-processed; previously gid=30 had wrong-genome data loaded from project start. Pre-correction state preserved in data/cultureforge.db.pre_audit_correction_20260504]	d__Bacteria;p__Planctomycetota;c__Brocadiia;o__Brocadiales;f__Scalinduaceae;g__Scalindua;s__Scalindua japonica	1.0	CLEAN_SELF_MATCH	Claimed genus 'Scalindua' matches top-hit genus exactly (claim used 'Candidatus' prefix; GTDB has assigned the formal genus name); containment 1.000.	N	Scalindua	Scalindua japonica	NZ_BAOS01000001.1 Candidatus Scalindua japonica strain husup-a2, whole genome shotgun sequence	
31	Phase 1.5k validation organism - reverse-dsr sulfide oxidizer	d__Bacteria;p__Pseudomonadota;c__Gammaproteobacteria;o__Chromatiales;f__Chromatiaceae;g__Thermochromatium;s__Thermochromatium vinosum	1.0	KNOWN_TAXONOMIC_RENAME	Formal genus reclassification: 'Allochromatium' -> 'Thermochromatium' (GTDB R226 reclass.). Not curator-flagged in notes; documentation update suggested.	Y	Thermochromatium	Thermochromatium vinosum	NC_013851.1 Allochromatium vinosum DSM 180, complete sequence	discovered-this-analysis
900	SENTINEL: Methylococcus capsulatus Bath (Phase 3.5 sentinel validation; NOT included in V12 validation pass; remove or relabel after validation)	d__Bacteria;p__Pseudomonadota;c__Gammaproteobacteria;o__Methylococcales;f__Methylococcaceae;g__Methylococcus;s__Methylococcus capsulatus	0.7431192660550459	CLEAN_SELF_MATCH	Claimed genus 'Methylococcus' matches top-hit genus exactly; containment 0.743.	N	Methylococcus	Methylococcus capsulatus	NC_002977.6 Methylococcus capsulatus str. Bath, complete sequence	
32	Validation organism: Escherichia_coli (restored Phase 4.1 after blind-test load_gapseq.py mishap)	d__Bacteria;p__Pseudomonadota;c__Gammaproteobacteria;o__Enterobacterales;f__Enterobacteriaceae;g__Escherichia;s__Escherichia coli	0.45732797140303844	CLEAN_SELF_MATCH	Claimed genus 'Escherichia' matches top-hit genus exactly; containment 0.457.	N	Escherichia	Escherichia coli	NC_000913.3 Escherichia coli str. K-12 substr. MG1655, complete genome	
1001	Phase 5.0 SMOKE TEST: Candidatus Brocadia sinica JPN1 (anammox). biomass=Gram_neg	d__Bacteria;p__Planctomycetota;c__Brocadiia;o__Brocadiales;f__Brocadiaceae;g__Brocadia;s__Brocadia sinica	1.0	CLEAN_SELF_MATCH	Claimed genus 'Brocadia' matches top-hit genus exactly (claim used 'Candidatus' prefix; GTDB has assigned the formal genus name); containment 1.000.	N	Brocadia	Brocadia sinica	BAFN01000003.1 Candidatus Brocadia sinica JPN1 DNA, contig: brosiC, whole genome shotgun sequence	
1000	BLIND TEST: bin.020 PacBio assembly via Phase 4.1 wrapper (load-step replay after filename-resolution fix; gapseq output reused from prior run)	d__Bacteria;p__Campylobacterota;c__Campylobacteria;o__Campylobacterales;f__Thiovulaceae;g__Thiovulum_A;s__Thiovulum_A sp000276965	0.8767123287671232	NEEDS_REVIEW	Claimed genus '' vs GTDB top-hit genus 'Thiovulum_A' (Thiovulum_A sp000276965); containment 0.877. Does not fit suffix-split, known-rename, placeholder, or self-match patterns — requires manual inspection.	Y	Thiovulum_A	Thiovulum_A sp000276965	scaffold_41_c1	
1002	Phase 5.0 main: Candidatus Brocadia fulgida [nitrogen_metabolism]. biomass=Gram_neg	d__Bacteria;p__Planctomycetota;c__Brocadiia;o__Brocadiales;f__Brocadiaceae;g__Brocadia;s__Brocadia fulgida	0.9932944606413994	CLEAN_SELF_MATCH	Claimed genus 'Brocadia' matches top-hit genus exactly (claim used 'Candidatus' prefix; GTDB has assigned the formal genus name); containment 0.993.	N	Brocadia	Brocadia fulgida	LAQJ01000001.1 MAG: Candidatus Brocadia fulgida isolate RU1 BROFUL_contig000001, whole genome shotgun sequence	
1004	Phase 5.0 main: Candidatus Electrothrix communis [cable_bacteria]. biomass=Gram_neg	d__Bacteria;p__Desulfobacterota;c__Desulfobulbia;o__Desulfobulbales;f__Desulfobulbaceae;g__Electrothrix;s__Electrothrix communis	0.7842761265580057	CLEAN_SELF_MATCH	Claimed genus 'Electrothrix' matches top-hit genus exactly (claim used 'Candidatus' prefix; GTDB has assigned the formal genus name); containment 0.784.	N	Electrothrix	Electrothrix communis	MTKP01000001.1 Candidatus Electrothrix communis isolate A1 Contig1001, whole genome shotgun sequence	
1003	Phase 5.0 main: Candidatus Phosphitivorax anaerolimi [phosphate_metabolism]. biomass=Gram_neg	d__Bacteria;p__Desulfobacterota;c__Desulfomonilia;o__UBA1062;f__UBA1062;g__UBA1062;s__UBA1062 sp001896555	1.0	CANDIDATUS_PLACEHOLDER	Claimed Candidatus organism; GTDB placeholder genus 'UBA1062' (not yet formally classified). Cohort accession (GCA_001896555.1) matches the GTDB rep accession exactly — literally the same source sequence.	N	UBA1062	UBA1062 sp001896555	MPOS01000029.1 MAG: Deltaproteobacteria bacterium Phox-21 k99_10275, whole genome shotgun sequence	
1005	Phase 5.0 main: Candidatus Methanocomedens sp. (ANME-2a lineage) [methane_metabolism]. biomass=Archaea	d__Archaea;p__Halobacteriota;c__Methanosarcinia;o__Methanosarcinales;f__Methanocomedenaceae;g__Methanocomedens;s__Methanocomedens sp009649835	1.0	CLEAN_SELF_MATCH	Claimed genus 'Methanocomedens' matches top-hit genus exactly (claim used 'Candidatus' prefix; GTDB has assigned the formal genus name); containment 1.000.	N	Methanocomedens	Methanocomedens sp009649835	PYCK01000246.1 MAG: Candidatus Methanocomedens sp. isolate S7142MS1 2a_fsr_manual, whole genome shotgun sequence	
1006	Phase 5.0 main: Candidatus Methanophaga sp. AG-394-G06 (ANME-1 lineage) [methane_metabolism]. biomass=Archaea	d__Archaea;p__Halobacteriota;c__Syntropharchaeia;o__Alkanophagales;f__Methanospirareceae;g__QENH01;s__QENH01 sp009903405	1.0	CANDIDATUS_PLACEHOLDER	Claimed Candidatus organism; GTDB placeholder genus 'QENH01' (not yet formally classified). Cohort accession (GCA_009903405.1) matches the GTDB rep accession exactly — literally the same source sequence.	N	QENH01	QENH01 sp009903405	PRCZ01000100.1 ANME-1 cluster archaeon AG-394-G06 NODE_100_length_2574_cov_3.01906, whole genome shotgun sequence	
1008	Phase 5.0 main: Candidatus Electronema palustre [cable_bacteria]. biomass=Gram_neg			NO_CLOSE_MATCH_EXPECTED	No GTDB RS226 hit returned; claimed organism is a Candidatus lineage (under-represented in cultured/reference databases).	N				
1007	Phase 5.0 main: Candidatus Methanovorans sp. (ANME-3 lineage) [methane_metabolism]. biomass=Archaea	d__Archaea;p__Halobacteriota;c__Methanosarcinia;o__Methanosarcinales;f__Methanosarcinaceae;g__DQIP01;s__DQIP01 sp020793565	1.0	CANDIDATUS_PLACEHOLDER	Claimed Candidatus organism; GTDB placeholder genus 'DQIP01' (not yet formally classified). Cohort accession (GCA_020793565.1) matches the GTDB rep accession exactly — literally the same source sequence.	N	DQIP01	DQIP01 sp020793565	DQIP01000236.1 MAG TPA_asm: Candidatus Methanovorans sp. isolate HMMV ANME3_1, whole genome shotgun sequence	
1009	Phase 5.0 main: Lactococcus lactis subsp. lactis IL1403 [fermentation]. biomass=Gram_neg	d__Bacteria;p__Bacillota;c__Bacilli;o__Lactobacillales;f__Streptococcaceae;g__Lactococcus;s__Lactococcus lactis	0.7225806451612903	CLEAN_SELF_MATCH	Claimed genus 'Lactococcus' matches top-hit genus exactly; containment 0.723.	N	Lactococcus	Lactococcus lactis	NC_002662.1 Lactococcus lactis subsp. lactis Il1403, complete sequence	
1011	Phase 5.0 main: Methanopyrus kandleri AV19 [methane_metabolism]. biomass=Archaea	d__Archaea;p__Methanobacteriota;c__Methanopyri;o__Methanopyrales;f__Methanopyraceae;g__Methanopyrus;s__Methanopyrus kandleri	1.0	CLEAN_SELF_MATCH	Claimed genus 'Methanopyrus' matches top-hit genus exactly; containment 1.000.	N	Methanopyrus	Methanopyrus kandleri	NC_003551.1 Methanopyrus kandleri AV19, complete sequence	
1010	Phase 5.0 main: Chlorobaculum tepidum TLS [phototrophy]. biomass=Gram_neg	d__Bacteria;p__Bacteroidota_A;c__Chlorobiia;o__Chlorobiales;f__Chlorobiaceae;g__Chlorobaculum;s__Chlorobaculum tepidum	1.0	CLEAN_SELF_MATCH	Claimed genus 'Chlorobaculum' matches top-hit genus exactly; containment 1.000.	N	Chlorobaculum	Chlorobaculum tepidum	NC_002932.3 Chlorobaculum tepidum TLS, complete sequence	
1012	Phase 5.0 main: Pyrococcus furiosus DSM 3638 [extreme_archaea]. biomass=Archaea	d__Archaea;p__Methanobacteriota_B;c__Thermococci;o__Thermococcales;f__Thermococcaceae;g__Pyrococcus;s__Pyrococcus furiosus	1.0	CLEAN_SELF_MATCH	Claimed genus 'Pyrococcus' matches top-hit genus exactly; containment 1.000.	N	Pyrococcus	Pyrococcus furiosus	NC_003413.1 Pyrococcus furiosus DSM 3638, complete sequence	
1014	Phase 5.0 main: Aquifex aeolicus VF5 [carbon_fixation]. biomass=Gram_neg	d__Bacteria;p__Aquificota;c__Aquificia;o__Aquificales;f__Aquificaceae;g__Aquifex;s__Aquifex aeolicus	1.0	CLEAN_SELF_MATCH	Claimed genus 'Aquifex' matches top-hit genus exactly; containment 1.000.	N	Aquifex	Aquifex aeolicus	NC_000918.1 Aquifex aeolicus VF5, complete sequence	
1013	Phase 5.0 main: Geobacter sulfurreducens PCA [iron_metals]. biomass=Gram_neg	d__Bacteria;p__Desulfobacterota;c__Desulfuromonadia;o__Geobacterales;f__Geobacteraceae;g__Geobacter;s__Geobacter sulfurreducens	1.0	CLEAN_SELF_MATCH	Claimed genus 'Geobacter' matches top-hit genus exactly; containment 1.000.	N	Geobacter	Geobacter sulfurreducens	NC_002939.5 Geobacter sulfurreducens PCA, complete sequence	
1015	Phase 5.0 main: Archaeoglobus fulgidus VC-16 [sulfur_metabolism]. biomass=Archaea	d__Archaea;p__Halobacteriota;c__Archaeoglobi;o__Archaeoglobales;f__Archaeoglobaceae;g__Archaeoglobus;s__Archaeoglobus fulgidus	1.0	CLEAN_SELF_MATCH	Claimed genus 'Archaeoglobus' matches top-hit genus exactly; containment 1.000.	N	Archaeoglobus	Archaeoglobus fulgidus	NC_000917.1 Archaeoglobus fulgidus DSM 4304, complete sequence	
1016	Phase 5.0 main: Clostridium acetobutylicum ATCC 824 [fermentation]. biomass=Gram_neg	d__Bacteria;p__Bacillota;c__Clostridia;o__Clostridiales;f__Clostridiaceae;g__Clostridium_S;s__Clostridium_S acetobutylicum	1.0	GTDB_SUFFIX_SPLIT	GTDB has split the polyphyletic genus 'Clostridium' into sub-genera using letter suffixes; this genome falls into 'Clostridium_S'. Species name aligns.	N	Clostridium_S	Clostridium_S acetobutylicum	NC_003030.1 Clostridium acetobutylicum ATCC 824, complete sequence	
1017	Phase 5.0 main: Nostoc sp. PCC 7120 [nitrogen_metabolism]. biomass=Gram_neg	d__Bacteria;p__Cyanobacteriota;c__Cyanobacteriia;o__Cyanobacteriales;f__Nostocaceae;g__Trichormus;s__Trichormus sp000009705	1.0	KNOWN_TAXONOMIC_RENAME	Formal genus reclassification: 'Nostoc' -> 'Trichormus' (GTDB R220 reclass.). Not curator-flagged in notes; documentation update suggested.	N	Trichormus	Trichormus sp000009705	NC_003272.1 Nostoc sp. PCC 7120 = FACHB-418, complete sequence	curator-flagged
1018	Phase 5.0 main: Synechocystis sp. PCC 6803 [phototrophy]. biomass=Gram_neg	d__Bacteria;p__Cyanobacteriota;c__Cyanobacteriia;o__Cyanobacteriales;f__Microcystaceae;g__Synechocystis;s__Synechocystis sp000284455	0.9087889626980071	CLEAN_SELF_MATCH	Claimed genus 'Synechocystis' matches top-hit genus exactly; containment 0.909.	N	Synechocystis	Synechocystis sp000284455	NC_000911.1 Synechocystis sp. PCC 6803, complete sequence	
1019	Phase 5.0 main: Thermococcus kodakarensis KOD1 [extreme_archaea]. biomass=Archaea	d__Archaea;p__Methanobacteriota_B;c__Thermococci;o__Thermococcales;f__Thermococcaceae;g__Thermococcus;s__Thermococcus kodakarensis	1.0	CLEAN_SELF_MATCH	Claimed genus 'Thermococcus' matches top-hit genus exactly; containment 1.000.	N	Thermococcus	Thermococcus kodakarensis	NC_006624.1 Thermococcus kodakarensis KOD1, complete sequence	
1020	Phase 5.0 main: Paramagnetospirillum magneticum AMB-1 [magnetotaxis]. biomass=Gram_neg	d__Bacteria;p__Pseudomonadota;c__Alphaproteobacteria;o__Rhodospirillales;f__Magnetospirillaceae;g__Paramagnetospirillum;s__Paramagnetospirillum magneticum	1.0	CLEAN_SELF_MATCH	Claimed genus 'Paramagnetospirillum' matches top-hit genus exactly; containment 1.000.	N	Paramagnetospirillum	Paramagnetospirillum magneticum	NC_007626.1 Paramagnetospirillum magneticum AMB-1, complete sequence	
1021	Phase 5.0 main: Microcystis aeruginosa NIES-843 [phototrophy]. biomass=Gram_neg	d__Bacteria;p__Cyanobacteriota;c__Cyanobacteriia;o__Cyanobacteriales;f__Microcystaceae;g__Microcystis;s__Microcystis aeruginosa	1.0	CLEAN_SELF_MATCH	Claimed genus 'Microcystis' matches top-hit genus exactly; containment 1.000.	N	Microcystis	Microcystis aeruginosa	NC_010296.1 Microcystis aeruginosa NIES-843, complete sequence	
1022	Phase 5.0 main: Hydrogenobacter thermophilus TK-6 [sulfur_metabolism]. biomass=Gram_neg	d__Bacteria;p__Aquificota;c__Aquificia;o__Aquificales;f__Aquificaceae;g__Hydrogenobacter;s__Hydrogenobacter thermophilus	1.0	CLEAN_SELF_MATCH	Claimed genus 'Hydrogenobacter' matches top-hit genus exactly; containment 1.000.	N	Hydrogenobacter	Hydrogenobacter thermophilus	NC_013799.1 Hydrogenobacter thermophilus TK-6, complete sequence	
1023	Phase 5.0 main: Bradyrhizobium diazoefficiens USDA 110 [nitrogen_metabolism]. biomass=Gram_neg	d__Bacteria;p__Pseudomonadota;c__Alphaproteobacteria;o__Rhizobiales;f__Xanthobacteraceae;g__Bradyrhizobium;s__Bradyrhizobium diazoefficiens	1.0	CLEAN_SELF_MATCH	Claimed genus 'Bradyrhizobium' matches top-hit genus exactly; containment 1.000.	N	Bradyrhizobium	Bradyrhizobium diazoefficiens	NC_004463.1 Bradyrhizobium diazoefficiens USDA 110, complete sequence	
1024	Phase 5.0 main: Gloeobacter violaceus PCC 7421 [phototrophy]. biomass=Gram_neg	d__Bacteria;p__Cyanobacteriota;c__Cyanobacteriia;o__Gloeobacterales;f__Gloeobacteraceae;g__Gloeobacter;s__Gloeobacter violaceus	1.0	CLEAN_SELF_MATCH	Claimed genus 'Gloeobacter' matches top-hit genus exactly; containment 1.000.	N	Gloeobacter	Gloeobacter violaceus	NC_005125.1 Gloeobacter violaceus PCC 7421, complete sequence	
1025	Phase 5.0 main: Prochlorococcus marinus str. MIT 9313 [phototrophy]. biomass=Gram_neg	d__Bacteria;p__Cyanobacteriota;c__Cyanobacteriia;o__PCC-6307;f__Cyanobiaceae;g__Prochlorococcus;s__Prochlorococcus marinus	1.0	CLEAN_SELF_MATCH	Claimed genus 'Prochlorococcus' matches top-hit genus exactly; containment 1.000.	N	Prochlorococcus	Prochlorococcus marinus	NC_005071.1 Prochlorococcus marinus str. MIT 9313, complete sequence	
1026	Phase 5.0 main: Methanococcus maripaludis S2 [nitrogen_metabolism]. biomass=Archaea	d__Archaea;p__Methanobacteriota;c__Methanococci;o__Methanococcales;f__Methanococcaceae;g__Methanococcus;s__Methanococcus maripaludis	0.38837920489296635	CLEAN_SELF_MATCH	Claimed genus 'Methanococcus' matches top-hit genus exactly; containment 0.388.	N	Methanococcus	Methanococcus maripaludis	NC_005791.1 Methanococcus maripaludis S2, complete sequence	
1027	Phase 5.0 main: Pelagibacter ubique HTCC1062 [marine_user_interest]. biomass=Gram_neg	d__Bacteria;p__Pseudomonadota;c__Alphaproteobacteria;o__Pelagibacterales;f__Pelagibacteraceae;g__Pelagibacter;s__Pelagibacter ubique	1.0	CLEAN_SELF_MATCH	Claimed genus 'Pelagibacter' matches top-hit genus exactly (claim used 'Candidatus' prefix; GTDB has assigned the formal genus name); containment 1.000.	N	Pelagibacter	Pelagibacter ubique	NC_007205.1 Candidatus Pelagibacter ubique HTCC1062, complete sequence	
1028	Phase 5.0 main: Synechococcus elongatus PCC 7942 [phototrophy]. biomass=Gram_neg	d__Bacteria;p__Cyanobacteriota;c__Cyanobacteriia;o__Synechococcales;f__Synechococcaceae;g__Synechococcus;s__Synechococcus elongatus	0.9603960396039604	CLEAN_SELF_MATCH	Claimed genus 'Synechococcus' matches top-hit genus exactly; containment 0.960.	N	Synechococcus	Synechococcus elongatus	NC_007604.1 Synechococcus elongatus PCC 7942 = FACHB-805, complete sequence	
1029	Phase 5.0 main: Carboxydothermus hydrogenoformans Z-2901 [carbon_fixation]. biomass=Gram_neg	d__Bacteria;p__Bacillota;c__Z-2901;o__Carboxydothermales;f__Carboxydothermaceae;g__Carboxydothermus;s__Carboxydothermus hydrogenoformans	1.0	CLEAN_SELF_MATCH	Claimed genus 'Carboxydothermus' matches top-hit genus exactly; containment 1.000.	N	Carboxydothermus	Carboxydothermus hydrogenoformans	NC_007503.1 Carboxydothermus hydrogenoformans Z-2901, complete sequence	
1031	Phase 5.0 main: Geobacter metallireducens GS-15 [iron_metals]. biomass=Gram_neg	d__Bacteria;p__Desulfobacterota;c__Desulfuromonadia;o__Geobacterales;f__Geobacteraceae;g__Geobacter;s__Geobacter metallireducens	1.0	CLEAN_SELF_MATCH	Claimed genus 'Geobacter' matches top-hit genus exactly; containment 1.000.	N	Geobacter	Geobacter metallireducens	NC_007517.1 Geobacter metallireducens GS-15, complete sequence	
1030	Phase 5.0 main: Rhodobacter sphaeroides 2.4.1 [phototrophy]. biomass=Gram_neg	d__Bacteria;p__Pseudomonadota;c__Alphaproteobacteria;o__Rhodobacterales;f__Rhodobacteraceae;g__Cereibacter_A;s__Cereibacter_A sphaeroides	1.0	KNOWN_TAXONOMIC_RENAME	Formal genus reclassification: 'Rhodobacter' -> 'Cereibacter_A' (GTDB suffix-rename). Not curator-flagged in notes; documentation update suggested.	N	Cereibacter_A	Cereibacter_A sphaeroides	NC_007493.2 Cereibacter sphaeroides 2.4.1 chromosome 1, complete sequence	curator-flagged
1032	Phase 5.0 main: Rhodospirillum rubrum ATCC 11170 [nitrogen_metabolism]. biomass=Gram_neg	d__Bacteria;p__Pseudomonadota;c__Alphaproteobacteria;o__Rhodospirillales;f__Rhodospirillaceae;g__Rhodospirillum;s__Rhodospirillum rubrum	1.0	CLEAN_SELF_MATCH	Claimed genus 'Rhodospirillum' matches top-hit genus exactly; containment 1.000.	N	Rhodospirillum	Rhodospirillum rubrum	NC_007643.1 Rhodospirillum rubrum ATCC 11170, complete sequence	
1034	Phase 5.0 main: Syntrophus aciditrophicus SB [syntrophy]. biomass=Gram_neg	d__Bacteria;p__Desulfobacterota;c__Syntrophia;o__Syntrophales;f__Syntrophaceae;g__Syntrophus;s__Syntrophus aciditrophicus	1.0	CLEAN_SELF_MATCH	Claimed genus 'Syntrophus' matches top-hit genus exactly; containment 1.000.	N	Syntrophus	Syntrophus aciditrophicus	NC_007759.1 Syntrophus aciditrophicus SB, complete sequence	
1033	Phase 5.0 main: Anaeromyxobacter dehalogenans 2CP-C [iron_metals]. biomass=Gram_neg	d__Bacteria;p__Myxococcota;c__Myxococcia;o__Myxococcales;f__Anaeromyxobacteraceae;g__Anaeromyxobacter;s__Anaeromyxobacter dehalogenans_B	1.0	CLEAN_SELF_MATCH	Claimed genus 'Anaeromyxobacter' matches top-hit genus exactly; containment 1.000.	N	Anaeromyxobacter	Anaeromyxobacter dehalogenans_B	NC_007760.1 Anaeromyxobacter dehalogenans 2CP-C, complete sequence	
1035	Phase 5.0 main: Methanospirillum hungatei JF-1 [methane_metabolism]. biomass=Archaea	d__Archaea;p__Halobacteriota;c__Methanomicrobia;o__Methanomicrobiales;f__Methanospirillaceae;g__Methanospirillum;s__Methanospirillum hungatei	1.0	CLEAN_SELF_MATCH	Claimed genus 'Methanospirillum' matches top-hit genus exactly; containment 1.000.	N	Methanospirillum	Methanospirillum hungatei	NC_007796.1 Methanospirillum hungatei JF-1, complete sequence	
1036	Phase 5.0 main: Stutzerimonas stutzeri A1501 [nitrogen_metabolism]. biomass=Gram_neg	d__Bacteria;p__Pseudomonadota;c__Gammaproteobacteria;o__Pseudomonadales;f__Pseudomonadaceae;g__Stutzerimonas;s__Stutzerimonas stutzeri	0.5597321235688053	CLEAN_SELF_MATCH	Claimed genus 'Stutzerimonas' matches top-hit genus exactly; containment 0.560.	N	Stutzerimonas	Stutzerimonas stutzeri	NC_009434.1 Stutzerimonas stutzeri A1501, complete sequence	
1037	Phase 5.0 main: Nitrobacter hamburgensis X14 [nitrogen_metabolism]. biomass=Gram_neg	d__Bacteria;p__Pseudomonadota;c__Alphaproteobacteria;o__Rhizobiales;f__Xanthobacteraceae;g__Nitrobacter;s__Nitrobacter hamburgensis	1.0	CLEAN_SELF_MATCH	Claimed genus 'Nitrobacter' matches top-hit genus exactly; containment 1.000.	N	Nitrobacter	Nitrobacter hamburgensis	NC_007964.1 Nitrobacter hamburgensis X14, complete sequence	
1038	Phase 5.0 main: Syntrophomonas wolfei subsp. wolfei Goettingen G311 [syntrophy]. biomass=Gram_neg	d__Bacteria;p__Bacillota;c__Syntrophomonadia;o__Syntrophomonadales;f__Syntrophomonadaceae;g__Syntrophomonas;s__Syntrophomonas wolfei	1.0	CLEAN_SELF_MATCH	Claimed genus 'Syntrophomonas' matches top-hit genus exactly; containment 1.000.	N	Syntrophomonas	Syntrophomonas wolfei	NC_008346.1 Syntrophomonas wolfei subsp. wolfei str. Goettingen G311, complete sequence	
1039	Phase 5.0 main: Nitrosomonas eutropha C91 [nitrogen_metabolism]. biomass=Gram_neg	d__Bacteria;p__Pseudomonadota;c__Gammaproteobacteria;o__Burkholderiales;f__Nitrosomonadaceae;g__Nitrosomonas;s__Nitrosomonas eutropha	0.9951582867783985	CLEAN_SELF_MATCH	Claimed genus 'Nitrosomonas' matches top-hit genus exactly; containment 0.995.	N	Nitrosomonas	Nitrosomonas eutropha	NC_008344.1 Nitrosomonas eutropha C91, complete sequence	
1040	Phase 5.0 main: Magnetococcus marinus MC-1 [marine_user_interest]. biomass=Gram_neg	d__Bacteria;p__Pseudomonadota;c__Magnetococcia;o__Magnetococcales;f__Magnetococcaceae;g__Magnetococcus;s__Magnetococcus marinus	1.0	CLEAN_SELF_MATCH	Claimed genus 'Magnetococcus' matches top-hit genus exactly; containment 1.000.	N	Magnetococcus	Magnetococcus marinus	NC_008576.1 Magnetococcus marinus MC-1, complete sequence	
1041	Phase 5.0 main: Syntrophobacter fumaroxidans MPOB [syntrophy]. biomass=Gram_neg	d__Bacteria;p__Desulfobacterota;c__Syntrophobacteria;o__Syntrophobacterales;f__Syntrophobacteraceae;g__Syntrophobacter;s__Syntrophobacter fumaroxidans	1.0	CLEAN_SELF_MATCH	Claimed genus 'Syntrophobacter' matches top-hit genus exactly; containment 1.000.	N	Syntrophobacter	Syntrophobacter fumaroxidans	NC_008554.1 Syntrophobacter fumaroxidans MPOB, complete sequence	
1042	Phase 5.0 main: Methanocorpusculum labreanum Z [methane_metabolism]. biomass=Archaea	d__Archaea;p__Halobacteriota;c__Methanomicrobia;o__Methanomicrobiales;f__Methanocorpusculaceae;g__Methanocorpusculum;s__Methanocorpusculum labreanum	1.0	CLEAN_SELF_MATCH	Claimed genus 'Methanocorpusculum' matches top-hit genus exactly; containment 1.000.	N	Methanocorpusculum	Methanocorpusculum labreanum	NC_008942.1 Methanocorpusculum labreanum Z, complete sequence	
1043	Phase 5.0 main: Methanobrevibacter smithii ATCC 35061 [methane_metabolism]. biomass=Archaea	d__Archaea;p__Methanobacteriota;c__Methanobacteria;o__Methanobacteriales;f__Methanobacteriaceae;g__Methanocatella;s__Methanocatella smithii	1.0	KNOWN_TAXONOMIC_RENAME	Formal genus reclassification: 'Methanobrevibacter' -> 'Methanocatella' (GTDB R220 reclass.). Not curator-flagged in notes; documentation update suggested.	N	Methanocatella	Methanocatella smithii	NC_009515.1 Methanobrevibacter smithii ATCC 35061, complete sequence	curator-flagged
1044	Phase 5.0 main: Roseiflexus castenholzii DSM 13941 [phototrophy]. biomass=Gram_neg	d__Bacteria;p__Chloroflexota;c__Chloroflexia;o__Chloroflexales;f__Roseiflexaceae;g__Roseiflexus;s__Roseiflexus castenholzii	1.0	CLEAN_SELF_MATCH	Claimed genus 'Roseiflexus' matches top-hit genus exactly; containment 1.000.	N	Roseiflexus	Roseiflexus castenholzii	NC_009767.1 Roseiflexus castenholzii DSM 13941, complete sequence	
1045	Phase 5.0 main: Crocosphaera subtropica ATCC 51142 [nitrogen_metabolism]. biomass=Gram_neg	d__Bacteria;p__Cyanobacteriota;c__Cyanobacteriia;o__Cyanobacteriales;f__Microcystaceae;g__Crocosphaera;s__Crocosphaera subtropica	1.0	CLEAN_SELF_MATCH	Claimed genus 'Crocosphaera' matches top-hit genus exactly; containment 1.000.	N	Crocosphaera	Crocosphaera subtropica	NC_010546.1 Crocosphaera subtropica ATCC 51142 chromosome circular, complete sequence	
1047	Phase 5.0 main: Caldivirga maquilingensis IC-167 [extreme_archaea]. biomass=Archaea	d__Archaea;p__Thermoproteota;c__Thermoprotei;o__Thermoproteales;f__Thermocladiaceae;g__Caldivirga;s__Caldivirga maquilingensis	1.0	CLEAN_SELF_MATCH	Claimed genus 'Caldivirga' matches top-hit genus exactly; containment 1.000.	N	Caldivirga	Caldivirga maquilingensis	NC_009954.1 Caldivirga maquilingensis IC-167, complete sequence	
1046	Phase 5.0 main: Ignicoccus hospitalis KIN4/I [carbon_fixation]. biomass=Archaea	d__Archaea;p__Thermoproteota;c__Thermoprotei_A;o__Sulfolobales;f__Ignicoccaceae;g__Ignicoccus;s__Ignicoccus hospitalis	1.0	CLEAN_SELF_MATCH	Claimed genus 'Ignicoccus' matches top-hit genus exactly; containment 1.000.	N	Ignicoccus	Ignicoccus hospitalis	NC_009776.1 Ignicoccus hospitalis KIN4/I, complete sequence	
1048	Phase 5.0 main: Desulfosudis oleivorans Hxd3 [sulfate_reduction]. biomass=Gram_neg	d__Bacteria;p__Desulfobacterota;c__Desulfobacteria;o__Desulfobacterales;f__Desulfosudaceae;g__Desulfosudis;s__Desulfosudis oleivorans	1.0	CLEAN_SELF_MATCH	Claimed genus 'Desulfosudis' matches top-hit genus exactly; containment 1.000.	N	Desulfosudis	Desulfosudis oleivorans	NC_009943.1 Desulfosudis oleivorans Hxd3, complete sequence	
1049	Phase 5.0 main: Nitrosopumilus maritimus SCM1 [nitrogen_metabolism]. biomass=Archaea	d__Archaea;p__Thermoproteota;c__Nitrososphaeria;o__Nitrososphaerales;f__Nitrosopumilaceae;g__Nitrosopumilus;s__Nitrosopumilus maritimus	1.0	CLEAN_SELF_MATCH	Claimed genus 'Nitrosopumilus' matches top-hit genus exactly; containment 1.000.	N	Nitrosopumilus	Nitrosopumilus maritimus	NC_010085.1 Nitrosopumilus maritimus SCM1, complete sequence	
1050	Phase 5.0 main: Pseudomonas putida GB-1 [manganese_metabolism]. biomass=Gram_neg	d__Bacteria;p__Pseudomonadota;c__Gammaproteobacteria;o__Pseudomonadales;f__Pseudomonadaceae;g__Pseudomonas_E;s__Pseudomonas_E putida_P	0.7957723035952063	GTDB_SUFFIX_SPLIT	GTDB has split the polyphyletic genus 'Pseudomonas' into sub-genera using letter suffixes; this genome falls into 'Pseudomonas_E'. Species name aligns.	N	Pseudomonas_E	Pseudomonas_E putida_P	NC_010322.1 Pseudomonas putida GB-1, complete sequence	
1051	Phase 5.0 main: Heliomicrobium modesticaldum Ice1 [phototrophy]. biomass=Gram_neg	d__Bacteria;p__Bacillota;c__Desulfitobacteriia;o__Heliobacteriales;f__Heliobacteriaceae;g__Heliomicrobium;s__Heliomicrobium modesticaldum	1.0	CLEAN_SELF_MATCH	Claimed genus 'Heliomicrobium' matches top-hit genus exactly; containment 1.000.	N	Heliomicrobium	Heliomicrobium modesticaldum	NC_010337.2 Heliomicrobium modesticaldum Ice1, complete sequence	
1052	Phase 5.0 main: Methylacidiphilum infernorum V4 [methane_metabolism]. biomass=Gram_neg	d__Bacteria;p__Verrucomicrobiota;c__Verrucomicrobiia;o__Methylacidiphilales;f__Methylacidiphilaceae;g__Methylacidiphilum;s__Methylacidiphilum infernorum	1.0	CLEAN_SELF_MATCH	Claimed genus 'Methylacidiphilum' matches top-hit genus exactly; containment 1.000.	N	Methylacidiphilum	Methylacidiphilum infernorum	NC_010794.1 Methylacidiphilum infernorum V4, complete sequence	
1053	Phase 5.0 main: Natranaerobius thermophilus JW/NM-WN-LF [halophile_alkaliphile]. biomass=Gram_neg	d__Bacteria;p__Bacillota;c__Natranaerobiia;o__Natranaerobiales;f__Natranaerobiaceae;g__Natranaerobius;s__Natranaerobius thermophilus	1.0	CLEAN_SELF_MATCH	Claimed genus 'Natranaerobius' matches top-hit genus exactly; containment 1.000.	N	Natranaerobius	Natranaerobius thermophilus	NC_010718.1 Natranaerobius thermophilus JW/NM-WN-LF, complete sequence	
1055	Phase 5.0 main: Acidithiobacillus ferrooxidans ATCC 53993 [sulfur_metabolism]. biomass=Gram_neg	d__Bacteria;p__Pseudomonadota;c__Gammaproteobacteria;o__Acidithiobacillales;f__Acidithiobacillaceae;g__Acidithiobacillus;s__Acidithiobacillus ferrooxidans	0.924963924963925	CLEAN_SELF_MATCH	Claimed genus 'Acidithiobacillus' matches top-hit genus exactly; containment 0.925.	N	Acidithiobacillus	Acidithiobacillus ferrooxidans	NC_011206.1 Acidithiobacillus ferrooxidans ATCC 53993, complete sequence	
1054	Phase 5.0 main: Desulforapulum autotrophicum HRM2 [sulfate_reduction]. biomass=Gram_neg	d__Bacteria;p__Desulfobacterota;c__Desulfobacteria;o__Desulfobacterales;f__Desulfobacteraceae;g__Desulforapulum;s__Desulforapulum autotrophicum	1.0	CLEAN_SELF_MATCH	Claimed genus 'Desulforapulum' matches top-hit genus exactly; containment 1.000.	N	Desulforapulum	Desulforapulum autotrophicum	NC_012108.1 Desulforapulum autotrophicum HRM2, complete sequence	
1056	Phase 5.0 main: Azotobacter vinelandii DJ [nitrogen_metabolism]. biomass=Gram_neg	d__Bacteria;p__Pseudomonadota;c__Gammaproteobacteria;o__Pseudomonadales;f__Pseudomonadaceae;g__Azotobacter;s__Azotobacter vinelandii	0.9934350260668082	CLEAN_SELF_MATCH	Claimed genus 'Azotobacter' matches top-hit genus exactly; containment 0.993.	N	Azotobacter	Azotobacter vinelandii	NC_012560.1 Azotobacter vinelandii DJ, complete sequence	
1057	Phase 5.0 main: Sulfurihydrogenibium azorense Az-Fu1 [sulfur_metabolism]. biomass=Gram_neg	d__Bacteria;p__Aquificota;c__Aquificia;o__Aquificales;f__Hydrogenothermaceae;g__Sulfurihydrogenibium;s__Sulfurihydrogenibium azorense	1.0	CLEAN_SELF_MATCH	Claimed genus 'Sulfurihydrogenibium' matches top-hit genus exactly; containment 1.000.	N	Sulfurihydrogenibium	Sulfurihydrogenibium azorense	NC_012438.1 Sulfurihydrogenibium azorense Az-Fu1, complete sequence	
1058	Phase 5.0 main: Persephonella marina EX-H1 [sulfur_metabolism]. biomass=Gram_neg	d__Bacteria;p__Aquificota;c__Aquificia;o__Aquificales;f__Hydrogenothermaceae;g__Persephonella;s__Persephonella marina	1.0	CLEAN_SELF_MATCH	Claimed genus 'Persephonella' matches top-hit genus exactly; containment 1.000.	N	Persephonella	Persephonella marina	NC_012440.1 Persephonella marina EX-H1, complete sequence	
1059	Phase 5.0 main: Rhodobacter capsulatus SB 1003 [phototrophy]. biomass=Gram_neg	d__Bacteria;p__Pseudomonadota;c__Alphaproteobacteria;o__Rhodobacterales;f__Rhodobacteraceae;g__Rhodobacter;s__Rhodobacter capsulatus_B	1.0	CLEAN_SELF_MATCH	Claimed genus 'Rhodobacter' matches top-hit genus exactly; containment 1.000.	N	Rhodobacter	Rhodobacter capsulatus_B	NC_014034.1 Rhodobacter capsulatus SB 1003, complete sequence	
1061	Phase 5.0 main: Methylorubrum extorquens AM1 [methane_metabolism]. biomass=Gram_neg	d__Bacteria;p__Pseudomonadota;c__Alphaproteobacteria;o__Rhizobiales;f__Beijerinckiaceae;g__Methylobacterium;s__Methylobacterium extorquens	0.3620637329286798	KNOWN_TAXONOMIC_RENAME	Formal genus reclassification: 'Methylorubrum' -> 'Methylobacterium' (GTDB lumped). Not curator-flagged in notes; documentation update suggested.	N	Methylobacterium	Methylobacterium extorquens	NC_012808.1 Methylorubrum extorquens AM1, complete sequence	curator-flagged
1060	Phase 5.0 main: Halorubrum lacusprofundi DSM 5036 [halophile_alkaliphile]. biomass=Archaea	d__Archaea;p__Halobacteriota;c__Halobacteria;o__Halobacteriales;f__Haloferacaceae;g__Halorubrum;s__Halorubrum lacusprofundi	1.0	CLEAN_SELF_MATCH	Claimed genus 'Halorubrum' matches top-hit genus exactly; containment 1.000.	N	Halorubrum	Halorubrum lacusprofundi	NC_012029.1 Halorubrum lacusprofundi ATCC 49239 chromosome 1, complete sequence	
1062	Phase 5.0 main: Halothiobacillus neapolitanus c2 [sulfur_metabolism]. biomass=Gram_neg	d__Bacteria;p__Pseudomonadota;c__Gammaproteobacteria;o__Halothiobacillales;f__Halothiobacillaceae;g__Halothiobacillus;s__Halothiobacillus neapolitanus	1.0	CLEAN_SELF_MATCH	Claimed genus 'Halothiobacillus' matches top-hit genus exactly; containment 1.000.	N	Halothiobacillus	Halothiobacillus neapolitanus	NC_013422.1 Halothiobacillus neapolitanus c2, complete sequence	
1063	Phase 5.0 main: Prevotella ruminicola 23 [fermentation]. biomass=Gram_neg	d__Bacteria;p__Bacteroidota;c__Bacteroidia;o__Bacteroidales;f__Bacteroidaceae;g__Prevotella;s__Prevotella ruminicola	1.0	CLEAN_SELF_MATCH	Claimed genus 'Prevotella' matches top-hit genus exactly; containment 1.000.	N	Prevotella	Prevotella ruminicola	NC_014033.1 Xylanibacter ruminicola 23, complete sequence	
1064	Phase 5.0 main: Bacteroides fragilis NCTC 9343 [fermentation]. biomass=Gram_neg	d__Bacteria;p__Bacteroidota;c__Bacteroidia;o__Bacteroidales;f__Bacteroidaceae;g__Bacteroides;s__Bacteroides fragilis	1.0	CLEAN_SELF_MATCH	Claimed genus 'Bacteroides' matches top-hit genus exactly; containment 1.000.	N	Bacteroides	Bacteroides fragilis	NC_003228.3 Bacteroides fragilis NCTC 9343, complete sequence	
1065	Phase 5.0 main: Frankia alni ACN14a [nitrogen_metabolism]. biomass=Gram_neg	d__Bacteria;p__Actinomycetota;c__Actinomycetes;o__Mycobacteriales;f__Frankiaceae;g__Frankia;s__Frankia alni	1.0	CLEAN_SELF_MATCH	Claimed genus 'Frankia' matches top-hit genus exactly; containment 1.000.	N	Frankia	Frankia alni	NC_008278.1 Frankia alni ACN14a, complete sequence	
1066	Phase 5.0 main: Bacillus selenitireducens MLS10 [heavy_metal_respiration]. biomass=Gram_neg	d__Bacteria;p__Bacillota;c__Bacilli;o__Bacillales_H;f__Salisediminibacteriaceae;g__Salisediminibacterium;s__Salisediminibacterium selenitireducens	1.0	KNOWN_TAXONOMIC_RENAME	Formal genus reclassification: 'Bacillus' -> 'Salisediminibacterium' (GTDB R226 reclass. (selenitireducens lineage)). Not curator-flagged in notes; documentation update suggested.	Y	Salisediminibacterium	Salisediminibacterium selenitireducens	NC_014219.1 [Bacillus] selenitireducens MLS10, complete sequence	discovered-this-analysis
1067	Phase 5.0 main: Clostridium ljungdahlii DSM 13528 [acetogenesis]. biomass=Gram_neg	d__Bacteria;p__Bacillota;c__Clostridia;o__Clostridiales;f__Clostridiaceae;g__Clostridium_B;s__Clostridium_B ljungdahlii	1.0	GTDB_SUFFIX_SPLIT	GTDB has split the polyphyletic genus 'Clostridium' into sub-genera using letter suffixes; this genome falls into 'Clostridium_B'. Species name aligns.	N	Clostridium_B	Clostridium_B ljungdahlii	NC_014328.1 Clostridium ljungdahlii DSM 13528, complete sequence	
1068	Phase 5.0 main: Gallionella capsiferriformans ES-2 [iron_metals]. biomass=Gram_neg	d__Bacteria;p__Pseudomonadota;c__Gammaproteobacteria;o__Burkholderiales;f__Gallionellaceae;g__Gallionella;s__Gallionella capsiferriformans	1.0	CLEAN_SELF_MATCH	Claimed genus 'Gallionella' matches top-hit genus exactly; containment 1.000.	N	Gallionella	Gallionella capsiferriformans	NC_014394.1 Gallionella capsiferriformans ES-2, complete sequence	
1070	Phase 5.0 main: Ferroplasma acidarmanus Fer1 [iron_metals]. biomass=Archaea	d__Archaea;p__Thermoplasmatota;c__Thermoplasmata;o__Thermoplasmatales;f__Thermoplasmataceae;g__Ferroplasma;s__Ferroplasma acidiphilum	0.539568345323741	CLEAN_SELF_MATCH	Claimed genus 'Ferroplasma' matches top-hit genus exactly; containment 0.540.	N	Ferroplasma	Ferroplasma acidiphilum	NC_021592.1 Ferroplasma acidarmanus Fer1, complete sequence	
1069	Phase 5.0 main: Shewanella oneidensis MR-1 [iron_metals]. biomass=Gram_neg	d__Bacteria;p__Pseudomonadota;c__Gammaproteobacteria;o__Enterobacterales;f__Shewanellaceae;g__Shewanella;s__Shewanella oneidensis	1.0	CLEAN_SELF_MATCH	Claimed genus 'Shewanella' matches top-hit genus exactly; containment 1.000.	N	Shewanella	Shewanella oneidensis	NC_004347.2 Shewanella oneidensis MR-1, complete sequence	
1071	Phase 5.0 main: Aurantimonas manganoxydans SI85-9A1 [manganese_metabolism]. biomass=Gram_neg	d__Bacteria;p__Pseudomonadota;c__Alphaproteobacteria;o__Rhizobiales;f__Rhizobiaceae;g__Aurantimonas;s__Aurantimonas manganoxydans	1.0	CLEAN_SELF_MATCH	Claimed genus 'Aurantimonas' matches top-hit genus exactly; containment 1.000.	N	Aurantimonas	Aurantimonas manganoxydans	NZ_CH672387.1 Aurantimonas manganoxydans SI85-9A1 scf_1099451004081, whole genome shotgun sequence	
1072	Phase 5.0 main: Mariprofundus ferrooxydans PV-1 [iron_metals]. biomass=Gram_neg	d__Bacteria;p__Pseudomonadota;c__Zetaproteobacteria;o__Mariprofundales;f__Mariprofundaceae;g__Mariprofundus;s__Mariprofundus ferrooxydans	1.0	CLEAN_SELF_MATCH	Claimed genus 'Mariprofundus' matches top-hit genus exactly; containment 1.000.	N	Mariprofundus	Mariprofundus ferrooxydans	NZ_DS022297.1 Mariprofundus ferrooxydans PV-1 scf_1099921033920, whole genome shotgun sequence	
1073	Phase 5.0 main: Roseobacter litoralis Och 149 [marine_user_interest]. biomass=Gram_neg	d__Bacteria;p__Pseudomonadota;c__Alphaproteobacteria;o__Rhodobacterales;f__Rhodobacteraceae;g__Roseobacter;s__Roseobacter litoralis	1.0	CLEAN_SELF_MATCH	Claimed genus 'Roseobacter' matches top-hit genus exactly; containment 1.000.	N	Roseobacter	Roseobacter litoralis	NC_015730.1 Roseobacter litoralis Och 149, complete sequence	
1074	Phase 5.0 main: Bacillus sp. SG-1 [manganese_metabolism]. biomass=Gram_neg	d__Bacteria;p__Bacillota;c__Bacilli;o__Bacillales_B;f__Bacillaceae_B;g__Bacillus_BM;s__Bacillus_BM sp000181495	1.0	GTDB_SUFFIX_SPLIT	GTDB has split the polyphyletic genus 'Bacillus' into sub-genera using letter suffixes; this genome falls into 'Bacillus_BM'. Species name aligns.	N	Bacillus_BM	Bacillus_BM sp000181495	NZ_ABCF01000186.1 Bacillus sp. SG-1 1101501000610, whole genome shotgun sequence	
1075	Phase 5.0 main: Sulfuricurvum kujiense DSM 16994 [sulfur_metabolism]. biomass=Gram_neg	d__Bacteria;p__Campylobacterota;c__Campylobacteria;o__Campylobacterales;f__Sulfurimonadaceae;g__Sulfuricurvum;s__Sulfuricurvum kujiense	1.0	CLEAN_SELF_MATCH	Claimed genus 'Sulfuricurvum' matches top-hit genus exactly; containment 1.000.	N	Sulfuricurvum	Sulfuricurvum kujiense	NC_014762.1 Sulfuricurvum kujiense DSM 16994, complete sequence	
1076	Phase 5.0 main: Desulfobulbus propionicus 1pr3 [sulfate_reduction]. biomass=Gram_neg	d__Bacteria;p__Desulfobacterota;c__Desulfobulbia;o__Desulfobulbales;f__Desulfobulbaceae;g__Desulfobulbus;s__Desulfobulbus propionicus	1.0	CLEAN_SELF_MATCH	Claimed genus 'Desulfobulbus' matches top-hit genus exactly; containment 1.000.	N	Desulfobulbus	Desulfobulbus propionicus	NC_014972.1 Desulfobulbus propionicus DSM 2032, complete sequence	
1077	Phase 5.0 main: Rhodopseudomonas palustris CGA009 [phototrophy]. biomass=Gram_neg	d__Bacteria;p__Pseudomonadota;c__Alphaproteobacteria;o__Rhizobiales;f__Xanthobacteraceae;g__Rhodopseudomonas;s__Rhodopseudomonas palustris_F	0.5320406278855032	CLEAN_SELF_MATCH	Claimed genus 'Rhodopseudomonas' matches top-hit genus exactly; containment 0.532.	N	Rhodopseudomonas	Rhodopseudomonas palustris_F	NC_005296.1 Rhodopseudomonas palustris CGA009, complete sequence	
1078	Phase 5.0 main: Cupriavidus metallidurans CH34 [heavy_metal_respiration]. biomass=Gram_neg	d__Bacteria;p__Pseudomonadota;c__Gammaproteobacteria;o__Burkholderiales;f__Burkholderiaceae;g__Cupriavidus;s__Cupriavidus metallidurans	1.0	CLEAN_SELF_MATCH	Claimed genus 'Cupriavidus' matches top-hit genus exactly; containment 1.000.	N	Cupriavidus	Cupriavidus metallidurans	NC_007973.1 Cupriavidus metallidurans CH34, complete sequence	
1079	Phase 5.0 main: Acetoanaerobium sticklandii DSM 519 [fermentation]. biomass=Gram_neg	d__Bacteria;p__Bacillota;c__Clostridia;o__Peptostreptococcales;f__Filifactoraceae;g__Acetoanaerobium;s__Acetoanaerobium sticklandii	1.0	CLEAN_SELF_MATCH	Claimed genus 'Acetoanaerobium' matches top-hit genus exactly; containment 1.000.	N	Acetoanaerobium	Acetoanaerobium sticklandii	NC_014614.1 Acetoanaerobium sticklandii, complete sequence	
1080	Phase 5.0 main: Halomonas elongata DSM 2581 [halophile_alkaliphile]. biomass=Gram_neg	d__Bacteria;p__Pseudomonadota;c__Gammaproteobacteria;o__Pseudomonadales;f__Halomonadaceae;g__Halomonas;s__Halomonas elongata	1.0	CLEAN_SELF_MATCH	Claimed genus 'Halomonas' matches top-hit genus exactly; containment 1.000.	N	Halomonas	Halomonas elongata	NC_014532.2 Halomonas elongata DSM 2581, complete sequence	
1081	Phase 5.0 main: Lactiplantibacillus plantarum WCFS1 [fermentation]. biomass=Gram_neg	d__Bacteria;p__Bacillota;c__Bacilli;o__Lactobacillales;f__Lactobacillaceae;g__Lactiplantibacillus;s__Lactiplantibacillus plantarum	0.776985111662531	CLEAN_SELF_MATCH	Claimed genus 'Lactiplantibacillus' matches top-hit genus exactly; containment 0.777.	N	Lactiplantibacillus	Lactiplantibacillus plantarum	NC_004567.2 Lactiplantibacillus plantarum WCFS1, complete sequence	
1083	Phase 5.0 main: Beggiatoa alba B18LD [sulfur_metabolism]. biomass=Gram_neg	d__Bacteria;p__Pseudomonadota;c__Gammaproteobacteria;o__Beggiatoales;f__Beggiatoaceae;g__Beggiatoa;s__Beggiatoa alba	1.0	CLEAN_SELF_MATCH	Claimed genus 'Beggiatoa' matches top-hit genus exactly; containment 1.000.	N	Beggiatoa	Beggiatoa alba	NZ_JH600069.1 Beggiatoa alba B18LD Begalscaffold_1, whole genome shotgun sequence	
1082	Phase 5.0 main: Trichormus variabilis ATCC 29413 [nitrogen_metabolism]. biomass=Gram_neg	d__Bacteria;p__Cyanobacteriota;c__Cyanobacteriia;o__Cyanobacteriales;f__Nostocaceae;g__Trichormus;s__Trichormus variabilis	0.9998575295626158	CLEAN_SELF_MATCH	Claimed genus 'Trichormus' matches top-hit genus exactly; containment 1.000.	N	Trichormus	Trichormus variabilis	NC_007413.1 Trichormus variabilis ATCC 29413, complete sequence	
1084	Phase 5.0 main: Acetobacterium woodii DSM 1030 [carbon_fixation]. biomass=Gram_neg	d__Bacteria;p__Bacillota;c__Clostridia;o__Eubacteriales;f__Eubacteriaceae;g__Acetobacterium;s__Acetobacterium woodii	1.0	CLEAN_SELF_MATCH	Claimed genus 'Acetobacterium' matches top-hit genus exactly; containment 1.000.	N	Acetobacterium	Acetobacterium woodii	NC_016894.1 Acetobacterium woodii DSM 1030, complete sequence	
1085	Phase 5.0 main: Sulfurospirillum barnesii SES-3 [heavy_metal_respiration]. biomass=Gram_neg	d__Bacteria;p__Campylobacterota;c__Campylobacteria;o__Campylobacterales;f__Sulfurospirillaceae;g__Sulfurospirillum;s__Sulfurospirillum barnesii	1.0	CLEAN_SELF_MATCH	Claimed genus 'Sulfurospirillum' matches top-hit genus exactly; containment 1.000.	N	Sulfurospirillum	Sulfurospirillum barnesii	NC_018002.1 Sulfurospirillum barnesii SES-3, complete sequence	
1086	Phase 5.0 main: Methylocystis parvus OBBP [methane_metabolism]. biomass=Gram_neg	d__Bacteria;p__Pseudomonadota;c__Alphaproteobacteria;o__Rhizobiales;f__Beijerinckiaceae;g__Methylocystis;s__Methylocystis monacha	0.9988444649872891	CLEAN_SELF_MATCH	Claimed genus 'Methylocystis' matches top-hit genus exactly; containment 0.999.	N	Methylocystis	Methylocystis monacha	NZ_AJTV01000001.1 Methylocystis parvus OBBP contig001, whole genome shotgun sequence	
1087	Phase 5.0 main: Megasphaera elsdenii DSM 20460 [fermentation]. biomass=Gram_neg	d__Bacteria;p__Bacillota;c__Negativicutes;o__Veillonellales;f__Megasphaeraceae;g__Megasphaera;s__Megasphaera elsdenii	0.9974947807933194	CLEAN_SELF_MATCH	Claimed genus 'Megasphaera' matches top-hit genus exactly; containment 0.997.	N	Megasphaera	Megasphaera elsdenii	NC_015873.1 Megasphaera elsdenii DSM 20460, complete sequence	
1089	Phase 5.0 main: Leptospirillum ferrooxidans C2-3 [iron_metals]. biomass=Gram_neg	d__Bacteria;p__Nitrospirota_A;c__Leptospirillia;o__Leptospirillales;f__Leptospirillaceae;g__Leptospirillum;s__Leptospirillum ferrooxidans	1.0	CLEAN_SELF_MATCH	Claimed genus 'Leptospirillum' matches top-hit genus exactly; containment 1.000.	N	Leptospirillum	Leptospirillum ferrooxidans	NC_017094.1 Leptospirillum ferrooxidans C2-3, complete sequence	
1088	Phase 5.0 main: Selenomonas ruminantium subsp. lactilytica [fermentation]. biomass=Gram_neg	d__Bacteria;p__Bacillota;c__Negativicutes;o__Selenomonadales;f__Selenomonadaceae;g__Selenomonas_A;s__Selenomonas_A lactilytica	1.0	GTDB_SUFFIX_SPLIT	Hit genus 'Selenomonas_A' is a GTDB suffix-split of 'Selenomonas'; species names diverge — see report.	N	Selenomonas_A	Selenomonas_A lactilytica	NC_017068.1 Selenomonas ruminantium subsp. lactilytica TAM6421, complete sequence	
1090	Phase 5.0 main: Candidatus Jettenia caeni [nitrogen_metabolism]. biomass=Gram_neg	d__Bacteria;p__Planctomycetota;c__Brocadiia;o__Brocadiales;f__Brocadiaceae;g__Jettenia;s__Jettenia caeni	1.0	CLEAN_SELF_MATCH	Claimed genus 'Jettenia' matches top-hit genus exactly (claim used 'Candidatus' prefix; GTDB has assigned the formal genus name); containment 1.000.	N	Jettenia	Jettenia caeni	NZ_BAFH01000004.1 Candidatus Jettenia caeni, whole genome shotgun sequence	
1091	Phase 5.0 main: Klebsiella michiganensis M5al (formerly K. oxytoca; canonical nif operon strain) [nitrogen_metabolism]. biomass=Gram_neg	d__Bacteria;p__Pseudomonadota;c__Gammaproteobacteria;o__Enterobacterales;f__Enterobacteriaceae;g__Klebsiella;s__Klebsiella grimontii	0.8330413454800281	CLEAN_SELF_MATCH	Claimed genus 'Klebsiella' matches top-hit genus exactly; containment 0.833.	N	Klebsiella	Klebsiella grimontii	NZ_AMPJ01000001.1 Klebsiella michiganensis strain M5al contig1, whole genome shotgun sequence	
1092	Phase 5.0 main: Anabaena sp. 90 [nitrogen_metabolism]. biomass=Gram_neg	d__Bacteria;p__Cyanobacteriota;c__Cyanobacteriia;o__Cyanobacteriales;f__Nostocaceae;g__Dolichospermum;s__Dolichospermum lemmermannii	0.4965813635475679	KNOWN_TAXONOMIC_RENAME	Formal genus reclassification: 'Anabaena' -> 'Dolichospermum' (GTDB grouping). Not curator-flagged in notes; documentation update suggested.	N	Dolichospermum	Dolichospermum lemmermannii	NC_019427.1 Anabaena sp. 90 chromosome chANA01, complete sequence	curator-flagged
1093	Phase 5.0 main: Thioalkalivibrio nitratireducens DSM 14787 [sulfur_metabolism]. biomass=Gram_neg	d__Bacteria;p__Pseudomonadota;c__Gammaproteobacteria;o__Ectothiorhodospirales;f__Ectothiorhodospiraceae;g__Thioalkalivibrio;s__Thioalkalivibrio nitratireducens	1.0	CLEAN_SELF_MATCH	Claimed genus 'Thioalkalivibrio' matches top-hit genus exactly; containment 1.000.	N	Thioalkalivibrio	Thioalkalivibrio nitratireducens	NC_019902.2 Thioalkalivibrio nitratireducens DSM 14787, complete sequence	
1094	Phase 5.0 main: Nitrospina gracilis 3/211 [nitrogen_metabolism]. biomass=Gram_neg	d__Bacteria;p__Nitrospinota;c__Nitrospinia;o__Nitrospinales;f__Nitrospinaceae;g__Nitrospina;s__Nitrospina gracilis	1.0	CLEAN_SELF_MATCH	Claimed genus 'Nitrospina' matches top-hit genus exactly; containment 1.000.	N	Nitrospina	Nitrospina gracilis	NZ_HG422173.1 Nitrospina gracilis 3/211, whole genome shotgun sequence	
1095	Phase 5.0 main: Desulfotignum phosphitoxidans DSM 13687 [phosphate_metabolism]. biomass=Gram_neg	d__Bacteria;p__Desulfobacterota;c__Desulfobacteria;o__Desulfobacterales;f__Desulfobacteraceae;g__Desulfotignum;s__Desulfotignum phosphitoxidans	1.0	CLEAN_SELF_MATCH	Claimed genus 'Desulfotignum' matches top-hit genus exactly; containment 1.000.	N	Desulfotignum	Desulfotignum phosphitoxidans	NZ_APJX01000001.1 Desulfotignum phosphitoxidans DSM 13687 Dpo_1c, whole genome shotgun sequence	
1096	Phase 5.0 main: Thiobacillus thioparus DSM 505 [sulfur_metabolism]. biomass=Gram_neg	d__Bacteria;p__Pseudomonadota;c__Gammaproteobacteria;o__Burkholderiales;f__Thiobacillaceae;g__Thiobacillus;s__Thiobacillus thioparus	1.0	CLEAN_SELF_MATCH	Claimed genus 'Thiobacillus' matches top-hit genus exactly; containment 1.000.	N	Thiobacillus	Thiobacillus thioparus	NZ_KB891316.1 Thiobacillus thioparus DSM 505 B058DRAFT_scaffold_0.1, whole genome shotgun sequence	
1097	Phase 5.0 main: Sporomusa ovata DSM 2662 [acetogenesis]. biomass=Gram_neg	d__Bacteria;p__Bacillota;c__Negativicutes;o__Sporomusales;f__Sporomusaceae;g__Sporomusa;s__Sporomusa ovata	1.0	CLEAN_SELF_MATCH	Claimed genus 'Sporomusa' matches top-hit genus exactly; containment 1.000.	N	Sporomusa	Sporomusa ovata	NZ_CP146301.1 Sporomusa ovata DSM 2662 chromosome, complete genome	
1098	Phase 5.0 main: Magnetospirillum gryphiswaldense MSR-1 [magnetotaxis]. biomass=Gram_neg	d__Bacteria;p__Pseudomonadota;c__Alphaproteobacteria;o__Rhodospirillales;f__Magnetospirillaceae;g__Magnetospirillum;s__Magnetospirillum gryphiswaldense	1.0	CLEAN_SELF_MATCH	Claimed genus 'Magnetospirillum' matches top-hit genus exactly; containment 1.000.	N	Magnetospirillum	Magnetospirillum gryphiswaldense	NC_023065.1 Magnetospirillum gryphiswaldense MSR-1 v2 chromosome I, complete sequence	
1099	Phase 5.0 main: Candidatus Magnetoglobus multicellularis Araruama [magnetotaxis]. biomass=Gram_neg			NO_CLOSE_MATCH_EXPECTED	No GTDB RS226 hit returned; claimed organism is a Candidatus lineage (under-represented in cultured/reference databases).	N				
1100	Phase 5.0 main: Peptoclostridium acidaminophilum DSM 3953 [fermentation]. biomass=Gram_neg	d__Bacteria;p__Bacillota;c__Clostridia;o__Peptostreptococcales;f__Peptostreptococcaceae;g__Peptoclostridium_A;s__Peptoclostridium_A acidaminophilum	1.0	GTDB_SUFFIX_SPLIT	GTDB has split the polyphyletic genus 'Peptoclostridium' into sub-genera using letter suffixes; this genome falls into 'Peptoclostridium_A'. Species name aligns.	N	Peptoclostridium_A	Peptoclostridium_A acidaminophilum	NZ_CP007452.1 Peptoclostridium acidaminophilum DSM 3953 strain al-2 chromosome, complete genome	
1101	Phase 5.0 main: Gemmatimonas phototrophica [phototrophy]. biomass=Gram_neg	d__Bacteria;p__Gemmatimonadota;c__Gemmatimonadetes;o__Gemmatimonadales;f__Gemmatimonadaceae;g__Gemmatimonas;s__Gemmatimonas phototrophica	1.0	CLEAN_SELF_MATCH	Claimed genus 'Gemmatimonas' matches top-hit genus exactly; containment 1.000.	N	Gemmatimonas	Gemmatimonas phototrophica	NZ_CP011454.1 Gemmatimonas phototrophica strain AP64 chromosome, complete genome	
1102	Phase 5.0 main: Nitrososphaera viennensis EN76 [nitrogen_metabolism]. biomass=Archaea	d__Archaea;p__Thermoproteota;c__Nitrososphaeria;o__Nitrososphaerales;f__Nitrososphaeraceae;g__Nitrososphaera;s__Nitrososphaera viennensis	1.0	CLEAN_SELF_MATCH	Claimed genus 'Nitrososphaera' matches top-hit genus exactly; containment 1.000.	N	Nitrososphaera	Nitrososphaera viennensis	NZ_CP007536.1 Nitrososphaera viennensis EN76 chromosome, complete genome	
1103	Phase 5.0 main: Methanobacterium formicicum [methane_metabolism]. biomass=Archaea	d__Archaea;p__Methanobacteriota;c__Methanobacteria;o__Methanobacteriales;f__Methanobacteriaceae;g__Methanobacterium;s__Methanobacterium formicicum	0.718096019696348	CLEAN_SELF_MATCH	Claimed genus 'Methanobacterium' matches top-hit genus exactly; containment 0.718.	N	Methanobacterium	Methanobacterium formicicum	NZ_CP006933.1 Methanobacterium formicicum strain BRM9 chromosome, complete genome	
1104	Phase 5.0 main: Thermoanaerobacter kivui LKT-1 [acetogenesis]. biomass=Gram_neg	d__Bacteria;p__Bacillota;c__Thermoanaerobacteria;o__Thermoanaerobacterales;f__Thermoanaerobacteraceae;g__Thermoanaerobacter;s__Thermoanaerobacter kivui	1.0	CLEAN_SELF_MATCH	Claimed genus 'Thermoanaerobacter' matches top-hit genus exactly; containment 1.000.	N	Thermoanaerobacter	Thermoanaerobacter kivui	NZ_CP009170.1 Thermoanaerobacter kivui strain LKT-1 chromosome, complete genome	
1106	Phase 5.0 main: Candidatus Nitrosocosmicus oleophilus MY3 [nitrogen_metabolism]. biomass=Archaea	d__Archaea;p__Thermoproteota;c__Nitrososphaeria;o__Nitrososphaerales;f__Nitrososphaeraceae;g__Nitrosocosmicus;s__Nitrosocosmicus oleophilus	1.0	CLEAN_SELF_MATCH	Claimed genus 'Nitrosocosmicus' matches top-hit genus exactly (claim used 'Candidatus' prefix; GTDB has assigned the formal genus name); containment 1.000.	N	Nitrosocosmicus	Nitrosocosmicus oleophilus	NZ_CP012850.1 Candidatus Nitrosocosmicus oleophilus strain MY3 chromosome, complete genome	
1105	Phase 5.0 main: Candidatus Scalindua brodae [nitrogen_metabolism]. biomass=Gram_neg	d__Bacteria;p__Planctomycetota;c__Brocadiia;o__Brocadiales;f__Scalinduaceae;g__Scalindua;s__Scalindua brodae	0.7147516307074762	CLEAN_SELF_MATCH	Claimed genus 'Scalindua' matches top-hit genus exactly (claim used 'Candidatus' prefix; GTDB has assigned the formal genus name); containment 0.715.	N	Scalindua	Scalindua brodae	NZ_JRYO01000001.1 Candidatus Scalindua brodae SCABRO_contig000001, whole genome shotgun sequence	
1107	Phase 5.0 main: Pseudorhizobium banfieldiae NT-26 [heavy_metal_respiration]. biomass=Gram_neg	d__Bacteria;p__Pseudomonadota;c__Alphaproteobacteria;o__Rhizobiales;f__Rhizobiaceae;g__Neorhizobium;s__Neorhizobium banfieldiae	1.0	KNOWN_TAXONOMIC_RENAME	Formal genus reclassification: 'Pseudorhizobium' -> 'Neorhizobium' (GTDB R220 reclass.). Not curator-flagged in notes; documentation update suggested.	N	Neorhizobium	Neorhizobium banfieldiae	NZ_FO082820.1 Pseudorhizobium banfieldiae strain NT-26 chromosome, complete genome	curator-flagged
1109	Phase 5.0 main: Methylotuvimicrobium alcaliphilum 20Z [methane_metabolism]. biomass=Gram_neg	d__Bacteria;p__Pseudomonadota;c__Gammaproteobacteria;o__Methylococcales;f__Methylomonadaceae;g__Methylotuvimicrobium;s__Methylotuvimicrobium alcaliphilum	1.0	CLEAN_SELF_MATCH	Claimed genus 'Methylotuvimicrobium' matches top-hit genus exactly; containment 1.000.	N	Methylotuvimicrobium	Methylotuvimicrobium alcaliphilum	NZ_FO082060.1 Methylomicrobium alcaliphilum str. 20Z chromosome, complete genome	
1108	Phase 5.0 main: Magnetospira sp. QH-2 [magnetotaxis]. biomass=Gram_neg	d__Bacteria;p__Pseudomonadota;c__Alphaproteobacteria;o__Rhodospirillales;f__Magnetospiraceae;g__Magnetospira;s__Magnetospira sp000968135	1.0	CLEAN_SELF_MATCH	Claimed genus 'Magnetospira' matches top-hit genus exactly; containment 1.000.	N	Magnetospira	Magnetospira sp000968135	NZ_FO538765.1 Magnetospira sp. QH-2 chromosome, complete genome	
1110	Phase 5.0 main: Methanosarcina barkeri 227 [methane_metabolism]. biomass=Archaea	d__Archaea;p__Halobacteriota;c__Methanosarcinia;o__Methanosarcinales;f__Methanosarcinaceae;g__Methanosarcina;s__Methanosarcina barkeri	0.8914473684210527	CLEAN_SELF_MATCH	Claimed genus 'Methanosarcina' matches top-hit genus exactly; containment 0.891.	N	Methanosarcina	Methanosarcina barkeri	NZ_CP009530.1 Methanosarcina barkeri 227 chromosome, complete genome	
1111	Phase 5.0 main: Metallosphaera sedula ARS120-2 [carbon_fixation]. biomass=Archaea	d__Archaea;p__Thermoproteota;c__Thermoprotei_A;o__Sulfolobales;f__Sulfolobaceae;g__Metallosphaera;s__Metallosphaera sedula	1.0	CLEAN_SELF_MATCH	Claimed genus 'Metallosphaera' matches top-hit genus exactly; containment 1.000.	N	Metallosphaera	Metallosphaera sedula	NZ_CP012175.1 Metallosphaera sedula strain ARS120-2 chromosome, complete genome	
1112	Phase 5.0 main: Neomoorella thermoacetica DSM 521 [carbon_fixation]. biomass=Gram_neg	d__Bacteria;p__Bacillota;c__Moorellia;o__Moorellales;f__Moorellaceae;g__Moorella;s__Moorella thermoacetica	1.0	KNOWN_TAXONOMIC_RENAME	Formal genus reclassification: 'Neomoorella' -> 'Moorella' (GTDB lumped). Not curator-flagged in notes; documentation update suggested.	N	Moorella	Moorella thermoacetica	NZ_CP012369.1 Neomoorella thermoacetica strain DSM 521 chromosome, complete genome	curator-flagged
1113	Phase 5.0 main: Vibrio natriegens ATCC 14048 [marine_user_interest]. biomass=Gram_neg	d__Bacteria;p__Pseudomonadota;c__Gammaproteobacteria;o__Enterobacterales;f__Vibrionaceae;g__Vibrio;s__Vibrio natriegens	0.9858114674441205	CLEAN_SELF_MATCH	Claimed genus 'Vibrio' matches top-hit genus exactly; containment 0.986.	N	Vibrio	Vibrio natriegens	NZ_CP009977.1 Vibrio natriegens NBRC 15636 = ATCC 14048 = DSM 759 strain ATCC 14048 chromosome 1, complete sequence	
1114	Phase 5.0 main: Candidatus Nitrospira inopinata [nitrogen_metabolism]. biomass=Gram_neg	d__Bacteria;p__Nitrospirota;c__Nitrospiria;o__Nitrospirales;f__Nitrospiraceae;g__Nitrospira_D;s__Nitrospira_D inopinata	1.0	GTDB_SUFFIX_SPLIT	(claim used 'Candidatus' prefix; GTDB drops it) GTDB has split the polyphyletic genus 'Nitrospira' into sub-genera using letter suffixes; this genome falls into 'Nitrospira_D'. Species name aligns.	N	Nitrospira_D	Nitrospira_D inopinata	NZ_LN885086.1 Candidatus Nitrospira inopinata isolate ENR4 chromosome 1, complete sequence	
1115	Phase 5.0 main: Thiobacillus denitrificans RG [sulfur_metabolism]. biomass=Gram_neg	d__Bacteria;p__Pseudomonadota;c__Gammaproteobacteria;o__Burkholderiales;f__Thiobacillaceae;g__Thiobacillus;s__Thiobacillus denitrificans_C	1.0	CLEAN_SELF_MATCH	Claimed genus 'Thiobacillus' matches top-hit genus exactly; containment 1.000.	N	Thiobacillus	Thiobacillus denitrificans_C	NZ_LDUG01000001.1 Thiobacillus denitrificans strain RG RG1, whole genome shotgun sequence	
1116	Phase 5.0 main: Rhizobium leguminosarum [nitrogen_metabolism]. biomass=Gram_neg	d__Bacteria;p__Pseudomonadota;c__Alphaproteobacteria;o__Rhizobiales;f__Rhizobiaceae;g__Rhizobium;s__Rhizobium leguminosarum_R	1.0	CLEAN_SELF_MATCH	Claimed genus 'Rhizobium' matches top-hit genus exactly; containment 1.000.	N	Rhizobium	Rhizobium leguminosarum_R	NZ_CP016286.1 Rhizobium leguminosarum strain Vaf10 chromosome, complete genome	
1117	Phase 5.0 main: Chlorobaculum limnaeum DSM 1677 [sulfur_metabolism]. biomass=Gram_neg	d__Bacteria;p__Bacteroidota_A;c__Chlorobiia;o__Chlorobiales;f__Chlorobiaceae;g__Chlorobaculum;s__Chlorobaculum limnaeum	1.0	CLEAN_SELF_MATCH	Claimed genus 'Chlorobaculum' matches top-hit genus exactly; containment 1.000.	N	Chlorobaculum	Chlorobaculum limnaeum	NZ_CP017305.1 Chlorobaculum limnaeum strain DSM 1677 chromosome, complete genome	
1118	Phase 5.0 main: Clostridium pasteurianum ATCC 6013 [nitrogen_metabolism]. biomass=Gram_neg	d__Bacteria;p__Bacillota;c__Clostridia;o__Clostridiales;f__Clostridiaceae;g__Clostridium_I;s__Clostridium_I pasteurianum	1.0	GTDB_SUFFIX_SPLIT	GTDB has split the polyphyletic genus 'Clostridium' into sub-genera using letter suffixes; this genome falls into 'Clostridium_I'. Species name aligns.	N	Clostridium_I	Clostridium_I pasteurianum	NZ_CP013018.1 Clostridium pasteurianum DSM 525 = ATCC 6013 chromosome, complete genome	
1119	Phase 5.0 main: Desulfovibrio piger [sulfate_reduction]. biomass=Gram_neg	d__Bacteria;p__Desulfobacterota_I;c__Desulfovibrionia;o__Desulfovibrionales;f__Desulfovibrionaceae;g__Desulfovibrio;s__Desulfovibrio piger	0.7657518361035949	CLEAN_SELF_MATCH	Claimed genus 'Desulfovibrio' matches top-hit genus exactly; containment 0.766.	N	Desulfovibrio	Desulfovibrio piger	NZ_MNTW01000010.1 MAG: Desulfovibrio piger isolate 64_16 Ley3_66761_scaffold_1025, whole genome shotgun sequence	
1120	Phase 5.0 main: Paenibacillus polymyxa ATCC 15970 [nitrogen_metabolism]. biomass=Gram_neg	d__Bacteria;p__Bacillota;c__Bacilli;o__Paenibacillales;f__Paenibacillaceae;g__Paenibacillus;s__Paenibacillus polymyxa_B	0.34316795780451625	CLEAN_SELF_MATCH	Claimed genus 'Paenibacillus' matches top-hit genus exactly; containment 0.343.	N	Paenibacillus	Paenibacillus polymyxa_B	NZ_CP011420.1 Paenibacillus polymyxa strain ATCC 15970 chromosome, complete genome	
1121	Phase 5.0 main: Halorhodospira halochloris DSM 1059 [phototrophy]. biomass=Gram_neg	d__Bacteria;p__Pseudomonadota;c__Gammaproteobacteria;o__Nitrococcales;f__Halorhodospiraceae;g__Halorhodospira;s__Halorhodospira halochloris	1.0	CLEAN_SELF_MATCH	Claimed genus 'Halorhodospira' matches top-hit genus exactly; containment 1.000.	N	Halorhodospira	Halorhodospira halochloris	NZ_AP017372.2 Halorhodospira halochloris strain DSM 1059 chromosome, complete genome	
1122	Phase 5.0 main: Methylobacter tundripaludum OWC-G53F [methane_metabolism]. biomass=Gram_neg	d__Bacteria;p__Pseudomonadota;c__Gammaproteobacteria;o__Methylococcales;f__Methylomonadaceae;g__Methylobacter_A;s__Methylobacter_A tundripaludum_A	1.0	GTDB_SUFFIX_SPLIT	GTDB has split the polyphyletic genus 'Methylobacter' into sub-genera using letter suffixes; this genome falls into 'Methylobacter_A'. Species name aligns.	N	Methylobacter_A	Methylobacter_A tundripaludum_A	NZ_PTIY01000001.1 Methylobacter tundripaludum strain OWC-G53F Ga0139037_101, whole genome shotgun sequence	
1123	Phase 5.0 main: Thermodesulfobacterium commune [sulfate_reduction]. biomass=Gram_neg	d__Bacteria;p__Desulfobacterota;c__Thermodesulfobacteria;o__Thermodesulfobacteriales;f__Thermodesulfobacteriaceae;g__Thermodesulfobacterium;s__Thermodesulfobacterium commune	0.7909258123850399	CLEAN_SELF_MATCH	Claimed genus 'Thermodesulfobacterium' matches top-hit genus exactly; containment 0.791.	N	Thermodesulfobacterium	Thermodesulfobacterium commune	NZ_DLVE01000067.1 MAG: Thermodesulfobacterium commune isolate UBA12529 contig_1003, whole genome shotgun sequence	
1124	Phase 5.0 main: Paracoccus denitrificans ATCC 19367 [nitrogen_metabolism]. biomass=Gram_neg	d__Bacteria;p__Pseudomonadota;c__Alphaproteobacteria;o__Rhodobacterales;f__Rhodobacteraceae;g__Paracoccus;s__Paracoccus denitrificans	0.9930327075672537	CLEAN_SELF_MATCH	Claimed genus 'Paracoccus' matches top-hit genus exactly; containment 0.993.	N	Paracoccus	Paracoccus denitrificans	NZ_CP035090.1 Paracoccus denitrificans strain ATCC 19367 chromosome 1, complete sequence	
1125	Phase 5.0 main: Desulfobacter hydrogenophilus AcRS1 [sulfate_reduction]. biomass=Gram_neg	d__Bacteria;p__Desulfobacterota;c__Desulfobacteria;o__Desulfobacterales;f__Desulfobacteraceae;g__Desulfobacter;s__Desulfobacter hydrogenophilus	1.0	CLEAN_SELF_MATCH	Claimed genus 'Desulfobacter' matches top-hit genus exactly; containment 1.000.	N	Desulfobacter	Desulfobacter hydrogenophilus	NZ_CP036313.1 Desulfobacter hydrogenophilus strain AcRS1 chromosome	
1126	Phase 5.0 main: Pelotomaculum schinkii HH [syntrophy]. biomass=Gram_neg	d__Bacteria;p__Bacillota;c__Desulfotomaculia;o__Desulfotomaculales;f__Pelotomaculaceae;g__Pelotomaculum_C;s__Pelotomaculum_C schinkii	1.0	GTDB_SUFFIX_SPLIT	GTDB has split the polyphyletic genus 'Pelotomaculum' into sub-genera using letter suffixes; this genome falls into 'Pelotomaculum_C'. Species name aligns.	N	Pelotomaculum_C	Pelotomaculum_C schinkii	NZ_QFGA01000001.1 Pelotomaculum schinkii strain HH Psch_contig000001, whole genome shotgun sequence	
1127	Phase 5.0 main: Caminibacter mediatlanticus TB-2 [sulfur_metabolism]. biomass=Gram_neg	d__Bacteria;p__Campylobacterota;c__Campylobacteria;o__Nautiliales;f__Nautiliaceae;g__Caminibacter;s__Caminibacter mediatlanticus	1.0	CLEAN_SELF_MATCH	Claimed genus 'Caminibacter' matches top-hit genus exactly; containment 1.000.	N	Caminibacter	Caminibacter mediatlanticus	NZ_CP040463.1 Caminibacter mediatlanticus TB-2 chromosome, complete genome	
1128	Phase 5.0 main: Acidithiobacillus thiooxidans ATCC 19377 [sulfur_metabolism]. biomass=Gram_neg	d__Bacteria;p__Pseudomonadota;c__Gammaproteobacteria;o__Acidithiobacillales;f__Acidithiobacillaceae;g__Acidithiobacillus;s__Acidithiobacillus thiooxidans	1.0	CLEAN_SELF_MATCH	Claimed genus 'Acidithiobacillus' matches top-hit genus exactly; containment 1.000.	N	Acidithiobacillus	Acidithiobacillus thiooxidans	NZ_CP045571.1 Acidithiobacillus thiooxidans ATCC 19377 chromosome, complete genome	
1129	Phase 5.0 main: Stygiolobus azoricus DSM 6296 [extreme_archaea]. biomass=Archaea	d__Archaea;p__Thermoproteota;c__Thermoprotei_A;o__Sulfolobales;f__Sulfolobaceae;g__Stygiolobus;s__Stygiolobus azoricus	1.0	CLEAN_SELF_MATCH	Claimed genus 'Stygiolobus' matches top-hit genus exactly; containment 1.000.	N	Stygiolobus	Stygiolobus azoricus	NZ_CP045483.1 Stygiolobus azoricus strain FC6 chromosome, complete genome	
1130	Phase 5.0 main: Syntrophorhabdus aromaticivorans [syntrophy]. biomass=Gram_neg	d__Bacteria;p__Desulfobacterota_G;c__Syntrophorhabdia;o__Syntrophorhabdales;f__Syntrophorhabdaceae;g__Syntrophorhabdus;s__Syntrophorhabdus aromaticivorans	0.853522867737948	CLEAN_SELF_MATCH	Claimed genus 'Syntrophorhabdus' matches top-hit genus exactly; containment 0.854.	N	Syntrophorhabdus	Syntrophorhabdus aromaticivorans	NZ_JAAYEE010000063.1 MAG: Syntrophorhabdus aromaticivorans isolate AS06rmzACSIP_7 100546_AS06, whole genome shotgun sequence	
1131	Phase 5.0 main: Acidithiobacillus caldus strain MELC5 [sulfur_metabolism]. biomass=Gram_neg	d__Bacteria;p__Pseudomonadota;c__Gammaproteobacteria;o__Acidithiobacillales;f__Acidithiobacillaceae;g__Acidithiobacillus_A;s__Acidithiobacillus_A caldus	0.8207771609833465	GTDB_SUFFIX_SPLIT	GTDB has split the polyphyletic genus 'Acidithiobacillus' into sub-genera using letter suffixes; this genome falls into 'Acidithiobacillus_A'. Species name aligns.	N	Acidithiobacillus_A	Acidithiobacillus_A caldus	NZ_JAAOMM010000001.1 Acidithiobacillus caldus strain MELC5 Contig1, whole genome shotgun sequence	
1132	Phase 5.0 main: Methanothermobacter thermautotrophicus Delta H [methane_metabolism]. biomass=Archaea	d__Archaea;p__Methanobacteriota;c__Methanobacteria;o__Methanobacteriales;f__Methanothermobacteraceae;g__Methanothermobacter;s__Methanothermobacter thermautotrophicus	0.9897901304594441	CLEAN_SELF_MATCH	Claimed genus 'Methanothermobacter' matches top-hit genus exactly; containment 0.990.	N	Methanothermobacter	Methanothermobacter thermautotrophicus	NZ_CP064324.1 Methanothermobacter thermautotrophicus strain Delta H chromosome, complete genome	
1133	Phase 5.0 main: Leptothrix discophora CCM 2812 [manganese_metabolism]. biomass=Gram_neg	d__Bacteria;p__Pseudomonadota;c__Gammaproteobacteria;o__Burkholderiales;f__Burkholderiaceae;g__Sphaerotilus;s__Sphaerotilus discophorus	1.0	KNOWN_TAXONOMIC_RENAME	Formal genus reclassification: 'Leptothrix' -> 'Sphaerotilus' (GTDB R220 reclass.). Not curator-flagged in notes; documentation update suggested.	N	Sphaerotilus	Sphaerotilus discophorus	NZ_JAUZEE010000010.1 Leptothrix discophora strain CCM 2812 NODE_10_length_143733_cov_254.441647, whole genome shotgun sequence	curator-flagged
1134	Phase 5.0 main: Candidatus Nitrospira neomarina DK [nitrogen_metabolism]. biomass=Gram_neg	d__Bacteria;p__Nitrospirota;c__Nitrospiria;o__Nitrospirales;f__UBA8639;g__Nitrospira_E;s__Nitrospira_E neomarina	1.0	GTDB_SUFFIX_SPLIT	(claim used 'Candidatus' prefix; GTDB drops it) GTDB has split the polyphyletic genus 'Nitrospira' into sub-genera using letter suffixes; this genome falls into 'Nitrospira_E'. Species name aligns.	N	Nitrospira_E	Nitrospira_E neomarina	NZ_CP116968.1 Candidatus Nitrospira neomarina strain DK chromosome, complete genome	
1135	Phase 5.0 main: Methylocaldum szegediense [methane_metabolism]. biomass=Gram_neg	d__Bacteria;p__Pseudomonadota;c__Gammaproteobacteria;o__Methylococcales;f__Methylococcaceae;g__Methylocaldum;s__Methylocaldum szegediense	1.0	CLEAN_SELF_MATCH	Claimed genus 'Methylocaldum' matches top-hit genus exactly; containment 1.000.	N	Methylocaldum	Methylocaldum szegediense	NZ_OX458333.1 Methylocaldum szegediense isolate Msz(Nor) chromosome MSZNORmain, complete sequence	
1136	Phase 5.0 main: Shewanella loihica PV-4 [nitrogen_metabolism]. biomass=Gram_neg	d__Bacteria;p__Pseudomonadota;c__Gammaproteobacteria;o__Enterobacterales;f__Shewanellaceae;g__Shewanella;s__Shewanella loihica	1.0	CLEAN_SELF_MATCH	Claimed genus 'Shewanella' matches top-hit genus exactly; containment 1.000.	N	Shewanella	Shewanella loihica	NZ_CBCRVA010000001.1 Shewanella loihica strain CIP109777T isolate CIP109777T NODE_0001, whole genome shotgun sequence	
1137	Phase 5.0 main: Methanofollis liminatans [methane_metabolism]. biomass=Archaea	d__Archaea;p__Halobacteriota;c__Methanomicrobia;o__Methanomicrobiales;f__Methanofollaceae;g__Methanofollis;s__Methanofollis liminatans	0.7026732133115112	CLEAN_SELF_MATCH	Claimed genus 'Methanofollis' matches top-hit genus exactly; containment 0.703.	N	Methanofollis	Methanofollis liminatans	NZ_CDUWMU010000001.1 MAG: Methanofollis liminatans isolate MarMAG_102891 NODE_125_length_131592_cov_131.766902, whole genome shotgun sequence	
